Symbol,Target,Criteria,Strategy,TFrame,LatestQtr,StarStock,CumlRnk,Conviction,Category,Cyclical,XIRR,Remarks,MBQ,Reasoning
3MINDIA,50570.0,OX40N,ATH,D,1,0.0,135.0,H,MISC,NC,,,OX40N,Globally diversified company with exceptional management and strong moat across industries.
5PAISA,593.0,OX40N,NTT,W,1,0.0,170.0,H,FINANCE,NC,20.0,SD: V20 598,OX40N,Competitive discount brokerage with a growing market but limited profitability visibility.
AARTIIND,919.0,XR,NTT,W,1,0.0,232.0,M,CHEMICALS,SC,-8.0,,XR,Leading specialty chemical manufacturer with robust exports and consistent execution.
AAVAS,2328.0,XY24,NTT,W,1,1.0,213.0,M,FINANCE,NC,6.0,,XY24,Well-managed housing finance company with disciplined credit underwriting.
ABB,7934.0,AR,NTT,D,1,0.0,125.0,H,ELECTRICAL,SC,,,AR,
ABBOTINDIA,27500.0,X40,ATH,D,1,1.0,58.0,X,PHARMA,NC,,,X40,High-quality pharmaceutical company with strong ethical practices and brand presence.
ABSLAMC,615.0,XR,ATH,W,1,0.0,234.0,M,FINANCE,NC,47.0,,XR,Reputable asset manager benefiting from a growing mutual fund industry.
ACC,3906.0,XY24,BTT,D,1,1.0,85.0,X,CEMENT,DC,-37.0,,XY24/X40N,Strong player in the cement sector with operational excellence under Adani Group.
ADANIENT,,X5K,ATH,D,1,0.0,105.0,M,METALS,DC,,,X5K,
ADANIPORTS,1583.0,XY24,NTT,D,1,1.0,7.0,X,MISC,NC,,,XY24/X5K/X40N,Well-run port operator with scale advantages but concerns over capital allocation.
ADANIPOWER,,X5K,ATH,D,1,0.0,112.0,M,POWER,SC,,,X5K,
AETHER,,XR,ATH,D,1,1.0,244.0,M,CHEMICALS,SC,,,XR,Growing specialty chemical firm with a solid product pipeline and scalability potential.
JSWDULUX,4500.0,XR,ATH,D,1,1.0,216.0,M,PAINTS,SC,,,OX40/XR,Reputable global paints player with a strong local market presence and brand equity.
ALKYLAMINE,2576.0,SR,ATH,D,1,0.0,142.0,H,CHEMICALS,SC,-59.0,SD: 2576,SR,Leading player in amines with a strong moat but faces cyclicality in demand.
ALOKINDS,,AR,ATH,W,1,0.0,260.0,L,TEXTILES,DC,,,AR,Demonstrates strong management solid business fundamentals in the textile and manufacturing sector and promising growth potential making it an attractive investment in the micro-cap space.
AMBUJACEM,733.0,XY24,BTT,W,1,0.0,113.0,M,CEMENT,DC,38.0,,XY24/X5K,Among the top cement players with strong cost controls now part of Adani Group.
ANGELONE,303.0,X40N,ATH,D,1,1.0,97.0,X,FINANCE,NC,77.0,VB: ATH by end of 2024 SD: 3444,X40N,Leading retail stockbroker with strong digital capabilities but competitive industry dynamics.
APEX,314.0,AR,ATH,W,1,0.0,270.0,L,MISC,NC,-9.0,,AR,Emerging pharma company with growth potential but lacks a significant competitive edge.
APLLTD,,XR,ATH,W,1,0.0,226.0,M,PHARMA,NC,,,XR,Trusted pharma company with a growing domestic and international market presence.
APOLLOHOSP,8285.0,X40N,ATH,D,1,1.0,6.0,X,HEALTHCARE,NC,,,X40N,Premier hospital chain with strong management and leadership in healthcare services.
ARE&M,1066.0,X200,ATH,W,1,0.0,263.0,L,AUTO,DC,85.0,,X200,Industrial engineering firm with moderate management and growth prospects.
ARVINDFASN,,XR,ATH,D,1,0.0,271.0,L,MISC,NC,,,XR,Retail-focused business with a growing portfolio but faces margin and competition pressures.
ASIANPAINT,4250.0,X40,ATH,D,1,1.0,30.0,X,PAINTS,SC,-18.0,,X40,Market leader in decorative paints with exceptional brand recognition and execution.
ASIANTILES,137.0,XR,NTT,W,1,0.0,269.0,L,CERAMICS,SC,-16.0,,XR,Tile manufacturer with consistent performance but limited scalability compared to peers.
ASTERDM,,X5K,ATH,D,1,0.0,245.0,M,HEALTHCARE,NC,,,X5K,
ASTRAL,,AR,ATH,D,1,0.0,131.0,H,PLASTICS,SC,,,AR,Well-managed high-quality business with strong future growth prospects making it an excellent investment choice in the small-cap space.
ASTRAZEN,8410.0,X40N,ATH,W,1,1.0,94.0,X,PHARMA,NC,,,X40N,Global pharma leader with a focus on innovation and a robust R&D pipeline.
ATULAUTO,844.0,XY24,NTT,D,1,0.0,248.0,M,AUTO,DC,-49.0,,XY24,Small-scale auto manufacturer facing scalability and competitive challenges.
AUBANK,,,,,1,0.0,198.0,M,BANKS,NC,,,,Consistently growing small finance bank with strong asset quality and customer focus.
AUROPHARMA,,,,,1,0.0,196.0,M,PHARMA,NC,,,,Well-known pharmaceutical company with a diverse portfolio but faces pricing pressures.
AVANTIFEED,615.0,XR,ATH,W,1,0.0,241.0,M,MISC,NC,56.0,,XR,Leader in aquaculture feed with strong industry fundamentals but cyclical risks.
AWL,485.0,XY24,NTT,W,1,1.0,81.0,X,FMCG,NC,-36.0,SD: 488,XY24/X40N,Leading edible oil manufacturer with significant market share but subject to commodity risks.
AXISBANK,,X40,ATH,D,1,1.0,36.0,X,BANKS,NC,,,X40/X5K,Improved governance under new leadership competitive private sector bank with robust growth.
BAJAJ-AUTO,,X40,ATH,D,1,1.0,23.0,X,AUTO,DC,,,X40/X5K,Market leader in two-wheelers with strong export presence focused capital allocation.
BAJAJFINSV,2758.0,X40,BTT,D,1,1.0,17.0,X,FINANCE,NC,11.0,,X40/X5K,Exceptional management with diversified financial services portfolio proven execution.
BAJAJHFL,152.0,X40N,ATH,D,1,1.0,60.0,X,FINANCE,NC,,,X40N,
BAJAJHIND,46.0,XR,ATH,W,1,0.0,272.0,L,SUGAR,DC,431.0,,XR,Cyclical sugar business with limited pricing power and weak governance history.
BAJAJHLDNG,,X40,ATH,D,1,1.0,28.0,X,FINANCE,NC,,,X40/X5K,Strong holding company with stakes in high-performing Bajaj group entities.
BAJFINANCE,1069.0,X40,BTT,D,1,1.0,19.0,X,FINANCE,NC,19.0,,X40/X5K,Exemplary management and business model with industry-leading ROE and growth.
BALKRISIND,,XR,ATH,D,1,0.0,132.0,H,TYRES,DC,,,XR,Niche player in off-highway tires with strong global presence and efficient operations.
BANDHANBNK,400.0,XY24,NTT,W,1,0.0,174.0,H,BANKS,NC,-29.0,,XY24,Strong microfinance focus but governance and asset quality concerns remain.
BANKBARODA,283.0,XR,NTT,W,1,1.0,116.0,M,BANKS,NC,11.0,,XR/X5K,Improved operations post-merger but still faces challenges in governance and NPAs.
BANKINDIA,149.0,XR,NTT,W,1,1.0,133.0,H,BANKS,NC,-12.0,SD: till 190,XR/X5K,Public sector bank with persistent challenges in credit discipline and operational efficiency.
BATAINDIA,2096.0,X40,NTT,D,1,1.0,91.0,X,FOOTWEAR,SC,-8.0,SD: till 1686,X40,Trusted footwear brand with strong market presence but faces competition from new entrants.
BAYERCROP,6805.0,OX40N,NTT,D,1,0.0,149.0,H,CHEMICALS,SC,9.0,,OX40N,Global agrochemical leader with strong R&D focus business quality impacted by cyclicality.
BERGEPAINT,680.0,XY24,NTT,D,1,1.0,68.0,X,PAINTS,SC,-14.0,,XY24/X40,Strong brand with consistent growth in decorative paints well-managed and capital-efficient.
BHARTIARTL,,,ATH,D,1,1.0,37.0,H,TELECOM,SC,,,X5K,Leading telecom operator with improved profitability and diversification into digital services.
BIOCON,397.0,XY24,NTT,,1,0.0,199.0,M,PHARMA,NC,67.0,,XY24,Leadership in biosimilars and strong R&D focus but execution risks exist in scaling globally.
BIRLAMONEY,141.0,AR,ATH,W,1,0.0,273.0,L,FINANCE,NC,365.0,,AR,Small player in financial services with limited scale and growth visibility.
BLUESTARCO,2080.0,X40N,NTT,W,1,1.0,77.0,X,AC,SC,,,X40N,Market leader in air conditioning with consistent growth and strong operational performance.
BLUSPRING,,XY24,ATH,D,1,1.0,259.0,L,MISC,NC,,,XY24,
BOROLTD,462.0,XY24,ATH,W,1,0.0,274.0,L,GLASS,DC,142.0,,XY24,Strong legacy brand in glassware but faces stiff competition and lacks scalability.
BOSCHLTD,,X40N,ATH,D,1,1.0,71.0,X,AUTO,DC,,,X40N,Pioneer in auto components with strong focus on innovation and high-quality management.
BPCL,,XR,ATH,D,1,0.0,178.0,L,OIL,DC,,,XR/X5K,Government-owned oil company facing pricing and regulatory challenges despite scale advantages.
BRITANNIA,5201.0,XY25,ATH,D,1,0.0,41.0,H,FMCG,NC,239.0,,XY25/AR,Market leader in biscuits and bakery products with efficient capital allocation and branding.
BSE,,X40N,ATH,D,1,1.0,16.0,X,MISC,NC,,,X40N,
BSOFT,,XR,ATH,D,1,0.0,172.0,H,IT,NC,-28.0,,XR,IT services company with strong growth potential in digital transformation projects.
CAMPUS,393.0,XY24,NTT,W,1,0.0,218.0,M,FOOTWEAR,SC,-16.0,,XY24,Growing player in affordable footwear but lacks a strong competitive moat.
CAMS,950.0,X40N,NTT,W,1,1.0,89.0,X,MISC,NC,261.0,,X40N,Monopoly-like position in mutual fund RTA services well-run with strong cash flow generation.
CANBK,,,,,1,1.0,186.0,L,BANKS,NC,,,X5K,PSU bank showing some improvement but still faces governance and credit quality issues.
CAPLIPOINT,,OX40N,ATH,W,1,1.0,148.0,H,PHARMA,NC,,,OX40N,Niche pharma player with a focus on generics and injectables consistent operational performance.
CASTROLIND,172.0,XR,ATH,W,1,0.0,211.0,M,CHEMICALS,SC,2824.0,,XR,Strong brand in lubricants but faces headwinds from EV adoption and slowing demand.
CDSL,1985.0,X40N,ATH,W,1,1.0,96.0,X,MISC,NC,271.0,,X40N,Dominant player in depository services strong business model with high operating leverage.
CENTRALBK,,XR,ATH,W,1,0.0,255.0,L,BANKS,NC,,,XR,Struggling PSU bank with weak governance and a high proportion of stressed assets.
CERA,9475.0,OX40N,NTT,W,1,1.0,153.0,H,CERAMICS,SC,-57.0,,OX40N,Leading player in sanitaryware with consistent growth strong brand and efficient management.
CHOLAFIN,,AR,ATH,W,1,0.0,44.0,H,FINANCE,NC,,,AR,Well-managed NBFC with a strong presence in vehicle and SME financing.
CIPLA,1795.0,X40N,ATH,D,1,1.0,18.0,X,PHARMA,NC,,,X40N,Trusted pharma company with strong domestic and international presence well-diversified.
CLEAN,2137.0,XR,NTT,W,1,0.0,146.0,H,CHEMICALS,SC,0.0,,XR,Renewable energy player with solid potential but limited execution history.
COALINDIA,,XY25,ATH,D,1,0.0,185.0,L,MINING,DC,,,XY25/X5K,Dominant coal producer but faces ESG concerns and regulatory headwinds.
COFFEEDAY,80.0,XR,NTT,W,1,0.0,266.0,L,HOTELS,DC,,VB: this coffee will cost 300 soon SD: CWH 118,XR,Struggles with governance and financial issues despite a strong brand legacy.
COLPAL,2100.0,XY25,ATH,D,1,1.0,62.0,X,FMCG,NC,-21.0,,XY25/X40,Market leader in oral care with exceptional brand loyalty and efficient capital allocation.
CROMPTON,382.0,AR,ATH,W,1,0.0,219.0,M,ELECTRICAL,SC,58.0,,AR,Well-established player in consumer electricals with consistent performance.
CUB,200.0,AR,ATH,W,1,0.0,249.0,M,BANKS,NC,4.0,,AR,Regionally strong private bank with stable growth and asset quality.
DABUR,735.0,XY24,BTT,D,1,1.0,70.0,X,FMCG,NC,1.0,,XY24/X40,Leader in FMCG with a strong focus on ayurveda-based products and consistent performance.
DCBBANK,168.0,AR,ATH,W,1,0.0,247.0,M,BANKS,NC,,,AR,Niche private bank with strong asset quality but limited scalability.
DEEPAKNTR,,AR,ATH,W,1,0.0,169.0,H,CHEMICALS,SC,,,AR,Leading specialty chemical manufacturer with strong execution and high-growth potential.
DEN,75.0,AR,NTT,W,1,0.0,235.0,M,ENTERTAINMENT,DC,-21.0,,AR,Struggles with profitability and scalability in a highly competitive cable TV business.
DIGITIDE,,XY24,ATH,D,1,1.0,203.0,M,IT,NC,,,XY24,
DIVISLAB,5029.0,AR,ATH,D,1,0.0,47.0,H,PHARMA,NC,,,AR,Global leader in APIs with strong R&D focus and ethical management.
DIXON,,X40N,ATH,W,1,1.0,54.0,X,IT,NC,,,X40N,Leading contract manufacturer in India with robust growth and operational efficiency.
DLF,885.0,AR,NTT,D,1,0.0,38.0,H,REALTY,DC,,,AR,Real estate major with cyclical business and governance challenges in the past.
DMART,,X40N,ATH,W,1,1.0,14.0,X,FMCG,NC,33.0,,X40N,Industry leader in retail with cost-efficient operations and excellent execution.
DREAMFOLKS,,EXP50,ATH,W,1,0.0,275.0,M,MISC,NC,,,EXP50,Emerging leader in lounge access services scalability and execution risks remain.
DRREDDY,,XR,ATH,D,1,1.0,,H,PHARMA,NC,,,XR/X5K,Trusted pharma brand with strong global presence but faces price erosion in key markets.
EASEMYTRIP,26.4,XY24,NTT,W,1,0.0,204.0,M,TRAVEL,DC,-91.0,,XY24,Asset-light online travel agency with scalability potential but limited competitive moat.
EICHERMOT,3855.0,X40N,ATH,D,1,1.0,22.0,X,AUTO,DC,109.0,,X40N,Dominant player in premium motorcycles with strong brand and consistent growth.
EIHOTEL,,AR,ATH,D,1,1.0,155.0,H,HOTELS,DC,,,AR,
EMAMILTD,815.0,XR,ATH,W,1,0.0,209.0,M,FMCG,NC,118.0,,XR,FMCG player with niche ayurvedic products but faces intense competition in personal care.
ENRIN,,AR,ATH,D,1,1.0,118.0,H,ELECTRICAL,SC,,,AR,
EQUITASBNK,,OX40N,ATH,W,1,0.0,251.0,M,BANKS,NC,,,OX40N,Well-managed small finance bank with a focus on financial inclusion but limited scalability.
ERIS,,X40N,ATH,W,1,1.0,93.0,X,PHARMA,NC,,,X40N,Focused on branded formulations with strong market presence in chronic therapies.
EXIDEIND,,XR,ATH,D,1,0.0,238.0,M,AUTO,DC,,,XR,Leading battery manufacturer but facing competition from new-age energy storage solutions.
FEDERALBNK,,,,,1,0.0,202.0,M,BANKS,NC,,,,Regionally strong private bank with improving asset quality and operational efficiency.
FINCABLES,,OX40N,ATH,W,1,0.0,220.0,M,CABLES,SC,,,OX40N,Trusted cable manufacturer with steady growth and strong balance sheet.
FINEORG,7000.0,OX40N,ATH,W,1,0.0,165.0,H,CHEMICALS,SC,-6.0,,OX40N,Leader in niche oleochemical products with strong export presence and consistent growth.
FORTIS,,X40N,ATH,D,1,1.0,73.0,X,HEALTHCARE,NC,,,X40N,
FOSECOIND,,EXP50,ATH,W,1,0.0,276.0,M,CHEMICALS,SC,,,EXP50,Specialty chemical company with strong market position but limited scalability.
GAIL,,,,,1,1.0,179.0,L,GAS,SC,,,X5K,Largest natural gas company in India government ownership limits operational flexibility.
GEOJITFSL,,XR,ATH,D,1,0.0,277.0,L,FINANCE,NC,,,XR,Regional player in financial services with limited competitive advantage.
GICRE,583.0,XY24,BTT,W,1,0.0,122.0,H,INSURANCE,NC,109.0,,XY24/X5K,State-owned reinsurer with pricing challenges and lack of operational agility.
GILLETTE,8980.0,X40,ATH,D,1,1.0,83.0,X,FMCG,NC,64.0,,X40,Premium brand with strong customer loyalty but limited growth in price-sensitive markets.
GLAND,3442.0,XR,NTT,W,1,0.0,163.0,H,PHARMA,NC,17.0,SD: 2612,XR,Focused on injectables with strong global presence but faces execution challenges.
GLAXO,3182.0,X40,ATH,D,1,1.0,56.0,X,PHARMA,NC,,,X40,Strong brand and diversified pharma portfolio but slower growth compared to peers.
GODREJCP,,X40N,ATH,,1,1.0,32.0,X,FMCG,NC,,,X40N,Trusted FMCG player with strong presence in home and personal care but faces tough competition.
GODREJIND,,,,,1,0.0,233.0,M,CHEMICALS,SC,,,,Conglomerate with diversified businesses but lacks strong competitive advantages.
GRASIM,,AR,ATH,,1,0.0,53.0,H,TEXTILES,DC,,,AR/X5K,Well-managed conglomerate with leadership in cement and entry into paints.
GREENPANEL,537.0,XY24,NTT,D,1,0.0,225.0,M,MISC,NC,-17.0,,XY24,Leader in MDF with strong operational efficiency but cyclical demand risks.
GULFOILLUB,896.0,AR,ATH,D,1,0.0,278.0,L,CHEMICALS,SC,187.0,,AR,Niche lubricant manufacturer but faces challenges from EV adoption and market share erosion.
HAL,,X5K,ATH,D,1,0.0,104.0,M,DEFENCE,SC,,,X5K,
HAPPSTMNDS,193.0,AR,ATH,W,1,0.0,152.0,H,IT,NC,-22.0,,AR,Emerging IT services company with a focus on digital transformation and strong growth.
HATHWAY,31.4,XR,NTT,W,1,0.0,171.0,H,ENTERTAINMENT,DC,-18.0,,XR,Cable and broadband player struggling with intense competition and pricing pressures.
HAVELLS,,X40,ATH,D,1,1.0,63.0,X,ELECTRICAL,SC,,,X40,Industry leader in electrical consumer goods with consistent growth and strong brand equity.
HCLTECH,2006.0,X40,ATH,D,1,1.0,8.0,X,IT,NC,99.0,,X40/X5K,Leading IT services company with robust global presence and diversified offerings.
HDFCAMC,3600.0,X40,ATH,D,1,1.0,11.0,X,FINANCE,NC,136.0,,X40,Market leader in asset management with strong distribution network and consistent profitability.
HDFCBANK,1073.0,X40,BTT,D,1,1.0,26.0,X,BANKS,NC,4.0,,X40/X5K,Best-in-class private bank with robust growth excellent governance and strong asset quality.
HDFCLIFE,897.0,X40,ATH,D,1,1.0,31.0,X,INSURANCE,NC,16.0,,X40,Leading life insurer with innovative product offerings and strong distribution capabilities.
HEROMOTOCO,,AR,ATH,D,1,0.0,45.0,H,AUTO,DC,,,AR,Market leader in two-wheelers but faces growth headwinds in the EV transition.
HINDALCO,,X5K,ATH,,1,0.0,48.0,H,METALS,DC,,,X5K,Leading aluminum and copper producer with strong operational performance and global footprint.
HINDPETRO,410.0,XR,ATH,D,1,0.0,256.0,L,REFINERIES,SC,1817.0,,XR/X5K,PSU with limited pricing power due to government regulations and volatile margins.
HINDUNILVR,2922.0,XY25,NTT,D,1,1.0,9.0,X,FMCG,NC,-3.0,,XY25/X5K/X40,FMCG leader with strong brand portfolio consistent growth and ethical management.
HINDZINC,,X5K,ATH,D,1,,102.0,M,METALS,DC,,,X5K,
HONAUT,51640.0,X40N,ATH,D,1,1.0,90.0,X,ELECTRICAL,SC,97.0,,X40N,Trusted automation and safety solution provider with niche market leadership.
HSCL,,XR,ATH,W,1,0.0,265.0,L,CHEMICALS,SC,,,XR,Construction-focused PSU with cyclical business and limited scalability.
HYUNDAI,,X40N,ATH,D,1,1.0,29.0,X,AUTO,DC,,,X40N/X5K,
IBREALEST,,,,,1,0.0,279.0,L,REALTY,DC,,,,Real estate player with cyclical business and governance concerns in the past.
ICICIBANK,,X40,ATH,D,1,1.0,10.0,X,BANKS,NC,,,X40/X5K,Best-in-class private bank with consistent growth strong digital focus and asset quality.
ICICIGI,1893.0,X40,ATH,D,1,1.0,66.0,X,INSURANCE,NC,52.0,,X40,Leading general insurer with strong distribution but faces pricing pressures in the industry.
ICICIPRULI,835.0,X40,ATH,D,1,1.0,78.0,X,INSURANCE,NC,103.0,,X40,Life insurer with innovative products and consistent market share growth.
IDBI,,X5K,ATH,D,1,0.0,101.0,M,BANKS,NC,,,X5K,
IEX,219.0,XR,NTT,W,1,0.0,137.0,H,MISC,NC,20.0,,XR,Monopoly in power exchange but regulatory risks exist.
IGL,707.0,AR,ATH,W,1,0.0,208.0,M,GAS,SC,,,AR,Dominant player in city gas distribution with steady growth and high entry barriers.
INDHOTEL,,X40N,ATH,,1,1.0,59.0,X,HOTELS,DC,,,X40N,Strong player in the hospitality sector with a focus on premium and luxury segments offering consistent growth potential in India's growing tourism industry.
INDIAMART,,AR,ATH,D,1,0.0,140.0,H,MISC,NC,,,AR,
INDIANB,,,,,1,1.0,187.0,L,BANKS,NC,,,X5K,PSU bank with improving asset quality but still faces operational challenges.
INDIGO,3123.0,AR,ATH,D,1,0.0,99.0,M,AIRLINES,DC,,,AR/X5K,Market leader in aviation with cost-efficient operations but cyclical industry dynamics.
INDIGOPNTS,1408.0,OX40N,NTT,W,1,0.0,222.0,M,PAINTS,SC,-1.0,,OX40N,Rapidly growing paints company leveraging strong demand in tier-2 and tier-3 markets.
INDUSINDBK,1800.0,XR,NTT,W,1,0.0,258.0,L,BANKS,NC,-21.0,,XR/X5K,Private bank with improving asset quality and growing retail focus.
INDUSTOWER,,,,,1,1.0,181.0,L,TELECOM,SC,,,X5K,Telecom tower company with challenges from industry consolidation.
INFY,1972.0,X40,NTT,D,1,1.0,3.0,X,IT,NC,33.0,,X40/X5K,IT services leader with strong global presence robust management and consistent growth.
IOC,,,,,1,0.0,183.0,L,OIL,DC,,,X5K,PSU with pricing power constraints and volatile earnings due to crude price fluctuations.
IRB,,X5K,ATH,D,1,0.0,237.0,M,INFRA,DC,,,X5K,
IRCTC,1269.0,XY24,BTT,W,1,0.0,119.0,H,TRAVEL,DC,12.0,,XY24,Monopoly in online rail ticketing but limited diversification in revenue streams.
IRFC,,X5K,ATH,D,1,0.0,107.0,M,FINANCE,NC,,,X5K,
ITBEES,40.0,AR,ATH,W,1,0.0,281.0,H,IT,NC,,,AR,Diversified ETF tracking the IT index reflects the strong fundamentals of top IT companies.
ITC,452.0,X40,NTT,D,1,1.0,1.0,X,FMCG,NC,,,X40/X5K,Diversified conglomerate with strong FMCG growth and improving capital allocation.
ITCHOTELS,,X40N,ATH,D,1,1.0,65.0,X,HOTELS,DC,,,X40N,
J&KBANK,114.0,XR,ATH,W,1,0.0,264.0,L,BANKS,NC,680.0,,XR,Regional PSU bank with high geographical concentration and governance issues.
BOSCH-HCIL,2282.0,OX40N,BTT,W,1,0.0,231.0,M,AC,SC,-57.0,,OX40N,Niche player in air conditioning with a strong brand but limited market share.
JINDALSTEL,,,,,1,0.0,117.0,M,STEEL,DC,,,,Leading steel producer but exposed to cyclical demand and debt concerns.
JIOFIN,387.0,XY24,BTT,W,1,1.0,34.0,X,FINANCE,NC,26.0,,XY24/X40N,New financial services arm of Reliance with strong parent backing and scalability potential.
JMFINANCIL,,XR,ATH,W,1,0.0,224.0,M,FINANCE,NC,90.0,,XR,Diversified financial services player with limited competitive advantages.
JPPOWER,26.2,XY24,NTT,W,1,0.0,267.0,L,POWER,SC,48.0,,XY24,Struggling power producer with high debt and operational inefficiencies.
JSWHL,7487.0,XY24,BTT,D,1,0.0,176.0,H,FINANCE,NC,,,XY24,Niche holding company with limited direct business opportunities.
JSWINFRA,342.0,X40N,NTT,D,1,1.0,61.0,X,REALTY,DC,,,X40N,
JSWSTEEL,,AR,ATH,D,1,0.0,49.0,H,STEEL,DC,802.0,,AR,Leading steel manufacturer with strong domestic and global presence but cyclical earnings.
JUBLFOOD,850.0,AR,NTT,W,1,0.0,188.0,M,RESTAURANTS,DC,22.0,,AR,Dominant QSR player with strong brand and aggressive expansion but rising input costs.
JYOTHYLAB,,XR,ATH,D,1,0.0,214.0,M,FMCG,NC,,,XR,Niche FMCG player with a strong regional presence but limited scale compared to peers.
KAJARIACER,,X40N,ATH,D,1,1.0,95.0,X,CERAMICS,SC,,,X40N,Market leader in the Indian tiles industry with strong brand equity a diverse product range and significant growth potential driven by urbanization and infrastructure development.
KANSAINER,340.0,XY24,NTT,D,1,0.0,162.0,H,PAINTS,SC,-30.0,,XY24/OX40N,Leader in decorative paints with strong growth potential and market leadership.
KOTAKBANK,2270.0,X40,ATH,D,1,1.0,12.0,X,BANKS,NC,4.0,,X40/X5K,Premier private bank with ethical management strong growth and robust asset quality.
KPIGREEN,,MH,ATH,D,1,1.0,144.0,H,POWER,SC,,,MH,
LALPATHLAB,3545.0,X40N,NTT,W,1,1.0,84.0,X,HEALTHCARE,NC,12.0,,X40N,Diagnostic leader with strong brand recall and expansion potential in organized healthcare.
LAOPALA,464.0,AR,NTT,D,1,0.0,154.0,H,CERAMICS,SC,-50.0,,AR,Niche glassware manufacturer with steady growth and limited competition.
LICHSGFIN,692.0,AR,ATH,W,1,1.0,262.0,L,FINANCE,NC,,,AR/X5K,PSU-backed housing finance company with sluggish growth and high competition.
LICI,983.0,XY25,NTT,W,1,0.0,39.0,H,INSURANCE,NC,202.0,,XY25/X5K,India's largest insurer with strong market share but governance challenges as a PSU.
LT,,XY25,ATH,W,1,1.0,27.0,X,ENGINEERING,DC,,,XY25/X40/X200/X5K,Engineering and infrastructure leader with excellent execution and strong global footprint.
LTM,7000.0,X200,ATH,W,1,0.0,42.0,H,IT,NC,7.0,,X200,Leading IT services firm with strong growth and focus on digital transformation.
LUPIN,,,,,1,0.0,189.0,M,PHARMA,NC,,,,Strong pharma player but faces margin pressure and regulatory challenges.
LUXIND,2442.0,OX40N,NTT,W,1,0.0,206.0,M,TEXTILES,DC,6.0,VB: cup with handle 2966,OX40N,Leading innerwear brand with strong distribution and brand recall but competitive industry.
M&M,,X40N,ATH,,1,1.0,25.0,X,AUTO,DC,,,X5K/X40N,Diversified automotive and tractor leader with consistent innovation and strong execution.
MAHABANK,,X5K,ATH,D,1,1.0,192.0,M,BANKS,NC,,,X5K,
MANAPPURAM,,XR,ATH,D,1,0.0,253.0,M,FINANCE,NC,,,XR,Gold loan-focused NBFC with good growth but regulatory and market risks.
MARICO,725.0,X40,ATH,D,1,1.0,69.0,X,FMCG,NC,42.0,,X40,FMCG leader with strong brands consistent growth and excellent management.
MARUTI,,XR,ATH,D,1,1.0,33.0,X,AUTO,DC,,,XR/X40/X5K,Dominant passenger car manufacturer with strong market share and cost-efficient operations.
MASFIN,350.0,XR,ATH,D,1,0.0,167.0,H,FINANCE,NC,-74.0,,XR,Well-managed NBFC with a focus on MSME lending but scalability concerns.
MAXHEALTH,,AR,,W,1,0.0,124.0,H,HEALTHCARE,NC,,,AR,Leading hospital chain with strong brand but faces competitive intensity in organized healthcare.
MCX,,X40N,ATH,W,1,1.0,67.0,X,MISC,NC,,,X40N,Monopoly in commodity exchanges but regulatory and technological risks exist.
MEDANTA,1486.0,XY24,NTT,D,1,1.0,87.0,X,HEALTHCARE,NC,8.0,,X40N/XY24,Leading multispecialty hospital with strong expansion potential but capital-intensive model.
METROBRAND,,AR,ATH,D,1,0.0,157.0,H,FOOTWEAR,SC,,,AR,Strong retail player in India's footwear market with a solid brand presence diversified product portfolio and strong growth potential driven by increasing consumer demand.
METROPOLIS,3102.0,XR,NTT,W,1,0.0,164.0,H,HEALTHCARE,NC,19.0,,XR,Trusted diagnostics brand with steady growth but rising competition from organized players.
MGL,,AR,ATH,D,1,0.0,143.0,H,GAS,SC,,,AR,Benefits from strong management a solid business model in the gas distribution sector and promising growth prospects making it an excellent choice for long-term investment.
MOTILALOFS,1000.0,OX40N,NTT,W,1,1.0,134.0,H,FINANCE,NC,,,OX40N,Strong financial services firm with a focus on wealth management and asset management.
MRF,,X40N,ATH,W,1,1.0,76.0,X,TYRES,DC,,,X40N,Premium tire manufacturer with strong brand equity but faces margin pressure due to costs.
MUTHOOTFIN,,XR,ATH,D,1,0.0,109.0,M,FINANCE,NC,,,XR,Leading gold loan NBFC with consistent growth and risk mitigation but faces competition.
NAM-INDIA,,X40,ATH,D,1,1.0,72.0,X,FINANCE,NC,,,X40,Established asset management company with consistent AUM growth and digital focus.
NATCOPHARM,,AR,ATH,D,1,1.0,150.0,H,PHARMA,NC,,,AR,
NATIONALUM,,X5K,ATH,,1,0.0,126.0,H,METALS,DC,,,X5K,PSU aluminum producer with cyclical earnings and low pricing power.
NAUKRI,,,ATH,,1,0.0,123.0,H,IT,NC,,,,Market leader in online recruitment with strong cash flows and new growth verticals.
NEOGEN,2434.0,AR,ATH,W,1,0.0,282.0,M,CHEMICALS,SC,36.0,SR:2434,AR,Specialty chemicals company with niche focus but relatively small scale.
NESTLEIND,1377.0,XY25,NTT,D,1,1.0,20.0,X,FMCG,NC,,,XY25/X40,FMCG giant with strong brand portfolio consistent growth and ethical management.
NETWORK18,,,,,1,0.0,261.0,L,MEDIA,SC,,,,Media company with fluctuating revenues and limited pricing power in the industry.
NHPC,115.0,XY24,NTT,D,1,0.0,194.0,M,POWER,SC,-54.0,,XY24,PSU hydropower company with stable earnings but limited growth potential.
NIACL,278.0,XR,ATH,W,1,0.0,221.0,M,INSURANCE,NC,442.0,,XR,General insurance PSU with operational inefficiencies and intense competition.
NMDC,82.0,XY25,NTT,W,1,0.0,195.0,M,MINING,DC,507.0,,XY25/X5K,Largest iron ore producer but cyclical business and PSU governance challenges.
NTPC,,AR,ATH,,1,0.0,106.0,M,POWER,SC,,,AR/X5K,Leading power producer with stable cash flows but limited growth avenues.
OFSS,,OX40N,ATH,W,1,1.0,121.0,H,IT,NC,,,OX40N,Oracle's financial services arm with strong product suite and global presence.
OIL,,X5K,ATH,D,1,0.0,197.0,M,OIL,DC,,,X5K,
ONGC,,XR,ATH,W,1,0.0,184.0,L,OIL,DC,,,XR/X5K,PSU with exposure to volatile crude prices and limited growth prospects.
PAGEIND,50000.0,X40,ATH,D,1,1.0,55.0,X,APPARELS,DC,16.0,SD: RHS 45146,X40,Premium innerwear brand with strong market leadership and excellent financials.
PARAGMILK,273.0,AR,ATH,W,1,0.0,283.0,L,FMCG,NC,,,AR,Dairy company with limited differentiation and rising competition in the sector.
PFC,,X5K,ATH,D,1,0.0,100.0,M,FINANCE,NC,,,X5K,
PFIZER,5855.0,X40,ATH,D,1,1.0,88.0,X,PHARMA,NC,,,X40,Global pharma leader with strong R&D and robust financials in India.
PGHH,18500.0,X40,ATH,D,1,1.0,57.0,X,FMCG,NC,,,XY25/X40,Premium FMCG player with consistent margins and strong brand equity.
PIDILITIND,3202.0,X40,ATH,D,1,1.0,5.0,X,CHEMICALS,SC,10.0,,X40,Adhesives leader with a strong moat innovative products and consistent performance.
PIIND,,,ATH,,1,0.0,129.0,H,CHEMICALS,SC,,,,Leading agri-chemical player with strong R&D focus and robust export business.
PNB,90.0,XR,ATH,W,1,1.0,180.0,L,BANKS,NC,238.0,,XY25/XR/X5K,PSU bank with weak asset quality and governance challenges.
POLYCAB,,OX40N,ATH,W,1,1.0,43.0,H,CABLES,SC,,,OX40N,Market leader in cables and wires with diversification into consumer appliances.
POWERGRID,,,,,1,0.0,103.0,M,POWER,SC,,,X5K,Dominant player in power transmission with steady growth but PSU inefficiencies.
PRAJIND,,AR,ATH,W,1,0.0,227.0,M,ENGINEERING,DC,,,AR,Strong focus on biofuels and clean energy solutions with innovative product offerings.
PVRINOX,,,,,1,0.0,217.0,M,ENTERTAINMENT,DC,,,,Leading multiplex operator with strong brand but cyclical business tied to discretionary spending.
QUESS,424.0,XY24,NTT,D,1,1.0,80.0,X,MISC,NC,-33.0,,XY24,Staffing and outsourcing firm with execution challenges in a fragmented market.
RADICO,,X40N,ATH,W,1,1.0,74.0,X,MISC,NC,,,X40N,Alcoholic beverage player with strong premiumization strategy and consistent growth.
RAJESHEXPO,518.0,OX40N,NTT,W,1,0.0,268.0,L,JEWELLERY,DC,-49.0,,OX40N,Gold trading company with low margins and limited value addition.
RAJOOENG,,AR,ATH,W,1,0.0,136.0,H,MISC,NC,,,AR,
RAYMOND,,X5K,ATH,D,1,0.0,207.0,M,REALTY,DC,,,X5K,
RBLBANK,388.0,XY24,NTT,W,1,0.0,252.0,M,BANKS,NC,-48.0,,XY24,Small private bank with improving metrics but historical governance and asset quality issues.
RECLTD,446.0,XY25,NTT,D,1,,191.0,M,FINANCE,NC,,,X5K/XY25,
RELAXO,1176.0,X40N,NTT,W,1,1.0,92.0,X,FOOTWEAR,SC,-26.0,,X40N,Affordable footwear leader with consistent growth but rising input cost challenges.
RELIANCE,1952.0,XY25,BTT,D,1,1.0,21.0,X,REFINERIES,SC,67.0,,XY25/X40/X5K,Diversified conglomerate with leading positions in telecom retail and petrochemicals.
REPCOHOME,880.0,XY24,NTT,W,1,0.0,161.0,H,FINANCE,NC,-44.0,,XY24,Regional housing finance company with limited scale and rising competition.
ROSSARI,965.0,XY24,NTT,W,1,0.0,215.0,M,CHEMICALS,SC,32.0,,XY24,Specialty chemicals player with innovative products but faces scalability challenges.
ROUTE,2390.0,SR,ATH,W,1,0.0,141.0,H,IT,NC,-38.0,SD: till 2390,SR,Cloud communication provider with strong growth prospects but intense competition.
SAIL,228.0,XY24,BTT,W,1,0.0,201.0,M,STEEL,DC,-18.0,,XY24,PSU steel producer with cyclical earnings and governance challenges.
SAMMAANCAP,326.0,XY25,NTT,W,1,0.0,240.0,M,FINANCE,NC,,SD: 320,XY25/XR,Small NBFC with limited scale and high concentration risks.
SANOFI,7552.0,X40,NTT,D,1,1.0,82.0,X,PHARMA,NC,,,X40,Global pharma major with strong brand portfolio and ethical management.
SATIN,274.0,XY24,NTT,D,1,0.0,159.0,H,FINANCE,NC,-58.0,,XY24,Microfinance player with execution and asset quality concerns.
SBICARD,1075.0,XY24,NTT,W,1,0.0,130.0,H,FINANCE,NC,-1.0,,XY24,Leading credit card issuer with strong parent backing and consistent growth.
SBIETFPB,400.0,XY24,BTT,D,1,0.0,284.0,M,BANKS,NC,0.0,,XY24,ETF backed by PSU banking sector reflects the mixed performance of its constituents.
SBILIFE,,AR,ATH,D,1,0.0,52.0,H,INSURANCE,NC,,,AR,Leading life insurer with strong growth and efficient operations.
SBIN,863.0,XY25,NTT,W,1,1.0,35.0,X,BANKS,NC,93.0,,XY25/X40/X5K,Largest PSU bank with improving metrics but faces PSU inefficiencies.
SCHAEFFLER ,,AR,ATH,W,1,0.0,,H,BEARINGS,DC,,,AR,Leading auto component player with strong product portfolio and technological expertise.
SFL,1287.0,XY24,NTT,W,1,0.0,242.0,M,MISC,NC,-13.0,,XY24/OX40N,Well-managed NBFC with a strong focus on niche lending but scalability constraints.
SHAKTIPUMP,,AR,ATH,D,1,1.0,139.0,H,MISC,NC,,,AR,
SHALBY,327.0,XY24,NTT,W,1,0.0,236.0,M,HEALTHCARE,NC,-31.0,,XY24,Hospital chain with regional focus and limited differentiation in a competitive market.
SHARDACROP,,XR,ATH,D,1,0.0,239.0,M,CHEMICALS,SC,,,XR,Agrochemical player with a strong product portfolio but intense competition.
SHREECEM,,,ATH,,1,0.0,128.0,H,CEMENT,DC,,,,Premium cement player with excellent cost efficiency and strong brand.
SHRIRAMFIN,,X5K,ATH,D,1,0.0,115.0,M,FINANCE,NC,,,X5K,
SIEMENS,4125.0,AR,NTT,D,1,0.0,51.0,H,ELECTRICAL,SC,,,AR,Leader in industrial automation and infrastructure with consistent growth and innovation.
SIS,528.0,OX40N,NTT,W,1,0.0,168.0,H,MISC,NC,-28.0,,OX40N,Leading security services company with strong growth but low margins.
SONACOMS,1006.0,AR,ATH,W,1,0.0,193.0,M,AUTO,DC,-8.0,,AR,Auto component leader with innovative products but cyclical industry exposure.
SONATSOFTW,,MGC,ATH,W,1,0.0,138.0,H,IT,NC,,,MGC,IT services player with strong focus on niche verticals and excellent financial performance.
SPORTKING,948.65,AR,ATH,W,1,0.0,285.0,L,TEXTILES,DC,-68.0,,AR,Niche textile player but operates in a commoditized and cyclical industry.
SRF,2787.0,XR,ATH,W,1,0.0,127.0,H,CHEMICALS,SC,18.0,,XR,Diversified chemicals leader with strong innovation export focus and consistent growth.
STARHEALTH,761.0,XY24,NTT,W,1,0.0,173.0,H,INSURANCE,NC,-19.0,,XY24,Leading health insurer with growing market share but faces intense competition.
SUNPHARMA,,,ATH,,1,0.0,40.0,H,PHARMA,NC,,,X5K,Largest Indian pharma company with robust portfolio and global presence.
SUNTV,1092.0,OX40N,ATH,W,1,0.0,228.0,M,ENTERTAINMENT,DC,13.0,,OX40N,Regional media leader but faces challenges from digital streaming platforms.
SURYODAY,216.0,XR,NTT,W,1,0.0,166.0,H,BANKS,NC,-41.0,VB: till ATH 311,XR,Small finance bank with limited scale and rising competition in financial inclusion.
SUZLON,,,,,1,0.0,254.0,L,ELECTRICAL,SC,,,,Pioneer in wind energy but historically burdened by high debt and execution challenges.
SYMPHONY,1306.0,OX40N,NTT,W,1,1.0,205.0,M,DURABLES,DC,75.0,,OX40N,Market leader in air coolers but growth is seasonal and dependent on weather patterns.
TANLA,1300.0,AR,ATH,W,1,0.0,147.0,H,IT,NC,-37.0,,AR,Strong position in cloud communication but operates in a competitive tech space.
TASTYBITE,,XR,ATH,D,1,0.0,286.0,M,FMCG,NC,27.0,,XR,Niche packaged foods player with export focus but limited domestic penetration.
TATACOMM,,AR,,W,1,0.0,190.0,M,TELECOM,SC,,,AR,Global telecom player with improving margins but capital-intensive business.
TATACONSUM,,AR,ATH,,1,0.0,50.0,H,FMCG,NC,51.0,,AR,Diversified FMCG giant with strong brands and consistent premiumization strategy.
TATAELXSI,9161.0,OX40N,NTT,W,1,1.0,158.0,H,IT,NC,-10.0,,OX40N,Niche IT services player in design and automotive tech with excellent growth prospects.
TATAPOWER,,XR,ATH,,1,0.0,108.0,M,ELECTRICAL,SC,,,XR,Strong push in renewable energy but faces regulatory and operational challenges.
TATASTEEL,,,,,1,0.0,111.0,M,METALS,DC,,,,Global steel leader with improving cost efficiencies but cyclical exposure.
TCS,4998.0,X40,ATH,D,1,1.0,2.0,X,IT,NC,8.0,,X40/X5K,IT services giant with unparalleled scale execution capabilities and consistent growth.
TEAMLEASE,3487.0,X40N,NTT,W,1,1.0,86.0,X,MISC,NC,2.0,,X40N,Market leader in staffing solutions but operates on thin margins.
TECHM,,,,,1,0.0,110.0,M,IT,NC,,,,Diversified IT services player but lags peers in high-margin digital transformation.
TIPSINDLTD,,,,,1,0.0,,M,ENTERTAINMENT,DC,,,,Niche player in music content with rising digital monetization opportunities.
TITAGARH,1548.0,XY24,NTT,D,1,0.0,175.0,H,ENGINEERING,DC,-40.0,,XY24,Rail and infrastructure player benefiting from government capex but cyclical demand.
TITAN,4713.0,X40,ATH,D,1,1.0,15.0,X,JEWELLERY,DC,,,X40,Market leader in jewelry and watches with consistent growth and strong brand equity.
TMPV,600.0,XY24,NTT,D,1,1.0,4.0,X,AUTO,DC,-49.0,,XY24/X5K/X40N,Improving fundamentals driven by EV focus but cyclical nature of auto industry remains.
TORNTPHARM,,,ATH,,1,0.0,46.0,H,PHARMA,NC,,,,Pharma leader with focus on branded generics and strong financials.
TRIDENT,48.0,XR,NTT,W,1,0.0,223.0,M,TEXTILES,DC,-16.0,,XR,Integrated textile player with improving fundamentals but cyclical industry exposure.
TTKPRESTIG,770.0,OX40N,NTT,W,1,0.0,250.0,M,DURABLES,DC,1.0,,OX40N,Kitchen appliance leader with strong brand presence and consistent growth.
TV18BRDCST,,XR,ATH,D,1,0.0,,L,ENTERTAINMENT,DC,,,XR,Media player with fluctuating revenues and limited pricing power.
UBL,,X40N,ATH,D,1,1.0,75.0,X,FMCG,NC,,,X40N,
UJJIVANSFB,60.0,OX40N,NTT,W,1,0.0,177.0,H,BANKS,NC,-27.0,,OX40N,Similar to UJJIVAN with challenges in scaling up and sustaining profitability.
ULTRACEMCO,,X40N,ATH,,1,1.0,24.0,X,CEMENT,DC,,,X40N/X5K,Leading cement player with excellent cost efficiencies and market dominance.
UNIONBANK,163.0,XY24,NTT,W,1,1.0,114.0,M,BANKS,NC,-39.0,,XY24/X5K,PSU bank with weak asset quality but improving metrics.
UNITDSPR,1644.0,X40N,NTT,W,1,1.0,64.0,X,BREWERIES,DC,,,X40N,Market leader in premium alcoholic beverages with strong brand portfolio.
UPL,737.0,AR,NTT,W,1,0.0,200.0,M,CHEMICALS,SC,,,AR,Global agrochemical player with robust portfolio but faces debt-related concerns.
UTIAMC,1207.0,XY24,ATH,W,1,0.0,229.0,M,FINANCE,NC,96.0,,XY24,Established mutual fund player but lags private peers in growth.
V2RETAIL,,AR,ATH,D,1,0.0,287.0,H,TEXTILES,DC,,,AR,Stands out for its strong management robust business model in retail and promising future growth potential making it a solid choice in the micro-cap segment.
VAIBHAVGBL,521.0,XR,NTT,W,1,0.0,160.0,H,JEWELLERY,DC,-24.0,VB: range bound target 520,XR,Niche jewelry and lifestyle retailer with strong export focus.
VALIANTORG,838.0,XR,NTT,W,1,0.0,145.0,H,CHEMICALS,SC,-27.0,,XR,Specialty chemical player with strong margins but smaller scale.
VBL,,X40N,ATH,D,1,1.0,13.0,X,FMCG,NC,,,X40N,
VEDL,,,,,1,0.0,182.0,L,MINING,DC,,,X5K,Commodity business with cyclical earnings and corporate governance concerns.
VEEDOL,,XR,ATH,D,1,0.0,288.0,L,CHEMICALS,SC,,,XR,Mid-tier lubricant player with limited pricing power in a competitive market.
VGUARD,,XR,ATH,D,1,0.0,230.0,M,ELECTRICAL,SC,,,XR,Consumer appliances player with consistent growth but rising input costs.
VINATIORGA,1882.0,OX40N,ATH,W,1,1.0,151.0,H,CHEMICALS,SC,,,OX40N,Specialty chemical leader with high margins and export focus.
VIPIND,489.0,OX40N,NTT,W,1,0.0,246.0,M,MISC,NC,-47.0,,OX40N,Market leader in luggage with consistent growth and brand equity.
VOLTAS,1856.0,XY25,NTT,,1,1.0,79.0,X,AC,SC,,,XY25/X40/AR,Market leader in air conditioning and cooling products with robust brand equity.
WESTLIFE,,AR,ATH,W,1,0.0,243.0,M,RESTAURANTS,DC,,,AR,McDonald's franchisee in India with strong growth but operates on thin margins.
WHIRLPOOL,2270.0,XR,NTT,D,1,0.0,210.0,M,DURABLES,DC,34.0,SD: 2539,XR/OX40,Consumer appliances leader with premium positioning but rising competition.
WIPRO,420.0,XR,NTT,W,1,1.0,98.0,M,IT,NC,33.0,,XR/X5K,IT services major but lags peers in growth and margins.
WSTCSTPAPR,,XR,ATH,W,1,0.0,289.0,M,PAPER,DC,,,XR,Regional paper manufacturer with cyclical business and limited differentiation.
YESBANK,,,,,1,0.0,257.0,L,BANKS,NC,,,,Private bank with improving metrics but a history of governance and asset quality issues.
ZEEL,,,,,1,0.0,212.0,M,ENTERTAINMENT,DC,,,,Leading media player with challenges from streaming platforms and governance concerns.
ZENTEC,,AR,ATH,D,1,1.0,156.0,H,MISC,NC,,,AR,
ZYDUSLIFE,,AR,ATH,D,1,1.0,120.0,H,PHARMA,SC,,,AR,
