Name,CMP,ATH%,PE,EPS,PB,MCap,ROCE%,ROE%,Sales_Grwth%,Profit_Grwth%,MedPE,ROCE_5Yr%,ROE_5Yr%,Debt2EqR,PAT_12M,CFO_2_EBITDA%,CapType,Symbol,Latest
https://www.screener.in/company/RELIANCE/consolidated/,1312.35,22.82,23.76,55.22,1.98,1775942.2,10.26,8.91,15,-0.42,25.52,0.38,8.64,0.45,88167,93.68,LC,RELIANCE,1
https://www.screener.in/company/BHARTIARTL/consolidated/,1963.85,10.74,39.24,48.65,8.09,1225450.47,17.56,20.27,19.63,5.79,59.78,0.52,16.55,1.31,36412.6,102.44,LC,BHARTIARTL,1
https://www.screener.in/company/HDFCBANK/consolidated/,727.25,40.32,14.19,51.35,1.87,1120648.01,7.02,13.64,2.81,11.96,19.72,0.96,15.37,6.21,82511.72,38.94,LC,HDFCBANK,1
https://www.screener.in/company/ICICIBANK/consolidated/,1415.4,5.98,18.09,78.36,2.69,1015712.19,7.18,15.92,3.96,6.05,19,0.88,16.97,5.55,59756.14,39.87,LC,ICICIBANK,1
https://www.screener.in/company/SBIN/consolidated/,1083.05,14.01,11.9,93.4,1.6,999722.03,6.13,15.38,5.52,5.76,10.48,1.29,15.93,11.08,89665.18,8.78,LC,SBIN,1
https://www.screener.in/company/TCS/consolidated/,2345.35,95.8,15.79,137.64,7.94,848568.15,63.03,51.81,7.7,8.97,29.81,3.28,49.36,0.11,50055,68.14,LC,TCS,1
https://www.screener.in/company/BAJFINANCE/consolidated/,1087,8.33,33.03,32.62,5.96,676761.22,10.87,18.25,17.85,17.53,34.47,0.55,19.86,3.82,20647.67,-117.46,LC,BAJFINANCE,1
https://www.screener.in/company/LT/consolidated/,3995.35,11.13,31.21,120.6,5.06,549706.65,14.57,15.86,9.78,13.35,32.59,0.51,13.9,1.15,19623.75,40.92,LC,LT,1
https://www.screener.in/company/LICI/consolidated/,413.7,47.69,8.74,47.49,,523330.31,35.14,37.82,10.13,23.28,12.82,4.33,51.94,,60055.25,-48.38,LC,LICI,1
https://www.screener.in/company/HINDUNILVR/consolidated/,2060.5,40.97,43.88,63.66,9.92,484133.32,28.42,31.03,5.8,3.61,54.81,0.71,22.15,0.03,14971,69.66,LC,HINDUNILVR,1
https://www.screener.in/company/INFY/consolidated/,1159.65,73.05,15.08,74.24,5.14,470592.48,39.95,31.89,11.22,14.33,25.7,2.11,30.67,0.1,30325,73.52,LC,INFY,1
https://www.screener.in/company/SUNPHARMA/consolidated/,1940.9,5.49,36.82,50.41,5.54,465686.94,20.53,15.95,11.41,10.17,33.37,0.43,16.09,0.06,12117.01,63.01,LC,SUNPHARMA,1
https://www.screener.in/company/TITAN/consolidated/,5022.05,2.92,76.39,64.88,28.37,445850.65,20.54,37.69,45.05,57.18,86.98,0.49,32.45,1.95,5760,62.74,LC,TITAN,1
https://www.screener.in/company/MARUTI/consolidated/,13892.95,25.04,30.47,455.91,4.08,436797.91,18.87,14.26,26.61,-1.37,32.01,0.47,13.72,0,14334,73.6,LC,MARUTI,1
https://www.screener.in/company/M&M/consolidated/,3405.1,12.77,22.1,148.53,4.54,423434,15.1,20.33,26.18,38.11,24.72,0.92,18.2,1.47,20242.69,27.5,LC,M&M,1
https://www.screener.in/company/ADANIENT/consolidated/,2954.4,37.49,168.44,58.54,4.74,399857.24,5.8,-3.38,18.06,-36.42,110.53,-0.02,3.62,1.32,7512.67,14.63,LC,ADANIENT,1
https://www.screener.in/company/ADANIPOWER/consolidated/,204.85,24.09,27.71,7.39,6.1,395046.97,17.22,21.07,6.64,14.86,15.81,0.76,33.42,0.84,14532.55,87.82,LC,ADANIPOWER,1
https://www.screener.in/company/KOTAKBANK/consolidated/,389.9,18.08,19.39,20.41,2.14,387848.01,6.98,11.39,5.68,4.59,22.03,0.59,13.77,3.65,20296.17,73.66,LC,KOTAKBANK,1
https://www.screener.in/company/ADANIPORTS/consolidated/,1649.65,14.68,28.61,57.81,3.98,380072.62,14.12,16.38,23.85,16.78,27.44,0.57,16.81,0.66,13120.93,80.76,LC,ADANIPORTS,1
https://www.screener.in/company/AXISBANK/consolidated/,1217.1,16.53,13.65,89.39,1.72,378856.73,6.24,13.12,5.58,-0.32,14.12,0.96,14.07,7.47,27938.79,-7.98,LC,AXISBANK,1
https://www.screener.in/company/HCLTECH/consolidated/,1360.85,47.86,20.4,64.2,4.91,369289.14,30.4,23.81,12.59,6.8,23.91,1.17,23.44,0.07,17434,71.03,LC,HCLTECH,1
https://www.screener.in/company/ITC/consolidated/,276.65,79.09,17.54,15.84,4.78,346627.75,38.91,29.32,-3.23,-1.41,24.55,1.67,32.18,0.03,20183.53,61.32,LC,ITC,1
https://www.screener.in/company/ULTRACEMCO/consolidated/,11611.15,12.91,39.66,289.77,4.44,342156.37,12.66,11.1,17.18,26.72,44.2,0.28,11.21,0.31,8571.16,87.73,LC,ULTRACEMCO,1
https://www.screener.in/company/HAL/consolidated/,4990.55,13.71,35.81,139.38,8.13,333755.5,31.97,23.97,7.42,12.22,29.42,0.67,26.61,0,9321.41,80.62,LC,HAL,1
https://www.screener.in/company/NTPC/consolidated/,339.75,31.99,11.85,28.63,1.63,329444.2,8.33,13.97,2.35,15.88,13.13,1.18,13.1,1.33,28333.74,87.61,LC,NTPC,1
https://www.screener.in/company/BAJAJFINSV/consolidated/,2023.65,8.47,31.54,63.43,4.15,324201.12,10.58,13.23,14.54,7.91,35.25,0.42,13.74,5.52,20636.97,-96.83,LC,BAJAJFINSV,1
https://www.screener.in/company/BAJAJ-AUTO/consolidated/,11630.05,9.84,27.14,420.8,8.39,319598.22,28.24,29.15,36.91,55.23,26.74,1.07,23.85,0.58,11552.81,16.41,LC,BAJAJ-AUTO,1
https://www.screener.in/company/JSWSTEEL/consolidated/,1270.4,5.09,25.82,101.34,3.09,310670.44,10.96,10.24,12.22,136.05,32.95,0.4,12.82,0.99,27995,81.9,LC,JSWSTEEL,1
https://www.screener.in/company/ETERNAL/consolidated/,318.3,15.76,709.38,0.45,9.89,307170.64,2.48,0.38,190.5,44.82,521.91,0,-1.85,0.15,433,25.91,LC,ETERNAL,1
https://www.screener.in/company/ONGC/consolidated/,238.6,44.59,6.88,34.59,0.81,300165.46,14.15,11.66,7.11,20.93,7.01,1.69,14.21,0.47,44793.33,95.14,LC,ONGC,1
https://www.screener.in/company/BEL/consolidated/,406.7,16.41,48.33,8.41,12.38,297288.75,36.44,27.45,19.83,11.75,38.86,0.57,25.84,0,6147.74,17.93,LC,BEL,1
https://www.screener.in/company/NESTLEIND/,1513,2.64,77.7,20.02,54.97,291753.97,84.14,73.17,19.3,24.81,78.79,0.94,97.54,0.08,3860.49,94.48,LC,NESTLEIND,1
https://www.screener.in/company/SHRIRAMFIN/consolidated/,1140,1.2,23.72,56.48,3.24,268236.1,11.49,16.39,14.2,33.03,13.82,0.69,15.71,3.8,11317.53,-37.32,LC,SHRIRAMFIN,1
https://www.screener.in/company/DMART/consolidated/,4025,46.58,85.85,46.95,10.76,262529.02,17.18,12.94,15.58,12.96,104.2,0.15,13.65,0.1,3057.49,65.92,LC,DMART,1
https://www.screener.in/company/ASIANPAINT/consolidated/,2730.65,31.47,53.68,49.68,12.26,261923.36,26.34,21.79,9.78,26.67,63.36,0.41,24.75,0.18,4837.09,93.4,LC,ASIANPAINT,1
https://www.screener.in/company/COALINDIA/consolidated/,407.7,33.6,8.04,50.63,2.11,251254.42,34.97,28.16,6.1,-6,7.06,3.5,41.8,0.12,31186.22,81.11,LC,COALINDIA,1
https://www.screener.in/company/HINDZINC/,590.9,36.69,14.75,40.08,11.08,249674.08,69.25,76.38,38.91,66.06,15.99,5.18,50.26,0.39,16933,73.33,LC,HINDZINC,1
https://www.screener.in/company/POWERGRID/consolidated/,266.25,37.56,15.59,17.09,2.47,247628.59,9.1,15.26,2.29,3.03,15.4,0.98,17.71,1.47,15895.79,118.63,LC,POWERGRID,1
https://www.screener.in/company/HINDALCO/consolidated/,1054.25,11.87,11.37,72.98,1.72,236913.85,13.21,12.97,20.28,20.33,10.9,1.14,13.22,0.73,16400,27.76,LC,HINDALCO,1
https://www.screener.in/company/TATASTEEL/consolidated/,184.65,21.53,19.49,8.84,2.26,230508.34,12.52,11.71,10.51,147.26,28.54,0.6,14.3,0.9,11263.7,97.72,LC,TATASTEEL,1
https://www.screener.in/company/DIVISLAB/consolidated/,8445,2.71,75.23,110.18,13.36,224188.24,21.97,16.53,16.35,29.2,67.23,0.22,16.96,0,2925,69.33,LC,DIVISLAB,1
https://www.screener.in/company/GRASIM/consolidated/,3247.9,5.06,38.49,82.76,2.14,221031.24,8.01,4.98,19.51,39.78,25.2,0.13,6.76,2.2,11261.46,-47.55,LC,GRASIM,1
https://www.screener.in/company/EICHERMOT/consolidated/,8022.05,2.63,37.89,210.41,8.77,220222.69,30.53,23.96,28.07,20.22,34.7,0.63,22.18,0.02,5772.52,59.53,LC,EICHERMOT,1
https://www.screener.in/company/ADANIGREEN/consolidated/,1324,130.36,112.51,10.83,10.92,218086.07,7.39,11.4,10.98,4.37,170.78,0.1,14.72,5.19,2146,83.81,LC,ADANIGREEN,1
https://www.screener.in/company/TVSMOTOR/consolidated/,4319.45,3.6,59.28,72.15,21.44,205211.5,17.37,33.62,30.52,45.93,56.07,0.57,27.81,3.43,3601.18,22.34,LC,TVSMOTOR,1
https://www.screener.in/company/INDIGO/consolidated/,5305.45,17.47,,-124.31,29.46,205144.05,5.24,-27.1,8.96,-147.77,25.81,,,11.15,-4807.9,156.25,LC,INDIGO,1
https://www.screener.in/company/IOC/consolidated/,140.35,40.22,5.87,23.83,0.9,198191.55,18.66,20.48,13.47,110.76,5.78,3.49,15.98,0.6,35728.11,90.86,LC,IOC,1
https://www.screener.in/company/ADANIENSOL/consolidated/,1593,166.07,66.73,24.3,7.53,194816.66,9.65,9.44,20.91,21.81,90.65,0.14,10.93,1.93,3090.37,126.83,LC,ADANIENSOL,1
https://www.screener.in/company/TORNTPHARM/consolidated/,4884,7.49,83.27,63.7,19.72,185771.67,15.19,27.43,32.85,10.49,55.94,0.33,23.68,1.79,2156,68.44,LC,TORNTPHARM,1
https://www.screener.in/company/HYUNDAI/consolidated/,2244.75,28.74,36.8,60.93,9.1,182395.16,38.4,29.89,3.55,-10.31,30.63,0.81,30.34,0.05,4950.91,76.71,LC,HYUNDAI,1
https://www.screener.in/company/SBILIFE/,1816.8,17.4,70.06,25.93,9.06,182272.47,14.95,13.7,-1.3,4.53,75.76,0.2,14.04,0,2600.9,1227.57,LC,SBILIFE,1
https://www.screener.in/company/WIPRO/consolidated/,182,103.26,13.62,12.79,2.17,180259.99,17.84,15.46,6.4,-1.81,20.16,1.14,16.35,0.23,13285.3,68.9,LC,WIPRO,1
https://www.screener.in/company/MOTHERSON/consolidated/,170.05,1.15,39.28,4.15,4.38,179478.29,13.43,11.24,14.02,35.3,39.2,0.29,10.12,0.47,4555.12,86.78,LC,MOTHERSON,1
https://www.screener.in/company/VAML/consolidated/,456.85,17.76,11.28,1181900,,178646.1,,,,,0,,,,14153,,LC,VAML,1
https://www.screener.in/company/TMCV/consolidated/,474.65,7.24,23.5,,13.73,174799.35,35.9,34.02,15.43,52.95,37.99,1.45,,0.44,4187,168.14,LC,TMCV,1
https://www.screener.in/company/SOLARINDS/consolidated/,19304.95,0.71,100.13,185.38,27.84,174690.59,38.08,32.64,30.47,38.97,75.88,0.33,31.8,0.24,1736.64,21.83,LC,SOLARINDS,1
https://www.screener.in/company/PIDILITIND/consolidated/,1688.65,1.12,64.92,26.03,15.87,171869.15,31.02,23.92,14.09,20.39,87.68,0.37,22.07,0.04,2676.1,74.68,LC,PIDILITIND,1
https://www.screener.in/company/JIOFIN/consolidated/,257.4,53.34,82.23,3.2,1.24,169964.81,1.86,1.19,119.23,28.96,115.96,0.01,,0.16,2066.49,-580.92,LC,JIOFIN,1
https://www.screener.in/company/DLF/consolidated/,664,84.49,38.18,17.96,3.6,164360.73,6.32,9.5,-27.71,1.63,52.17,0.25,7.74,0.01,4445.91,207.11,LC,DLF,1
https://www.screener.in/company/ABB/,7740,18.86,106.39,141,17.54,164017.05,29.93,22.39,10.22,-13.03,95.78,0.21,21.6,0.02,2987.84,50.87,LC,ABB,1
https://www.screener.in/company/CHOLAFIN/consolidated/,1905,2.49,28.22,67.8,5.32,162431.36,9.71,19.35,19.64,29.14,29.96,0.69,19.85,6.93,5751,-138.68,LC,CHOLAFIN,1
https://www.screener.in/company/TECHM/consolidated/,1640.75,13,30.21,52.41,5.4,160807.41,23.12,17.53,10.95,17.18,30.4,0.58,15.72,0.07,5163,68.15,LC,TECHM,1
https://www.screener.in/company/POWERINDIA/,35550,9.14,133.01,258.09,30.68,158454.75,29.36,21.91,40.17,135.8,205.67,0.16,16.87,0.02,1150.39,82.53,LC,POWERINDIA,1
https://www.screener.in/company/TRENT/consolidated/,2970.65,87.3,86.62,33.93,22.71,158404.66,28.34,27.74,16.92,15.45,148.94,0.32,23.75,0.37,1814.7,69.48,LC,TRENT,1
https://www.screener.in/company/TATACAP/consolidated/,363.65,7.3,28.39,12.86,3.36,154364.64,8.58,12.36,11.09,29.63,29.88,0.44,14.41,5.15,5478.16,-164.17,LC,TATACAP,1
https://www.screener.in/company/ICICIAMC/,3076.2,17.39,43.63,100.95,36.45,152043.84,115.1,85.8,20.53,24.43,2.13,1.97,80.08,0,3485.73,72.44,LC,ICICIAMC,1
https://www.screener.in/company/IDEA/consolidated/,13.75,796.29,,3.45,,148971.69,-1.72,,3.29,17.27,,,,,37406,100.24,LC,IDEA,1
https://www.screener.in/company/CUMMINSIND/consolidated/,5350.5,14.81,60.83,85.4,17.46,148315.87,39.5,30.24,15.3,14.45,41.71,0.5,25.77,0,2367.15,51.33,LC,CUMMINSIND,1
https://www.screener.in/company/VBL/consolidated/,437.1,56.22,43.7,10.01,7.55,147847.52,19.71,16.21,14.46,18.88,60.27,0.37,22.47,0.13,3409.28,65.74,LC,VBL,1
https://www.screener.in/company/BHEL/consolidated/,414,7.91,59.25,6.99,5.5,144157.44,9.14,6.23,27,739.36,131.7,0.11,2.73,0.31,2432.47,170.32,LC,BHEL,1
https://www.screener.in/company/BSE/consolidated/,3512,26.62,50.51,69.54,21.47,143043.42,59.99,46.05,60.72,78.51,59.7,0.91,28.2,0,2821.74,86.95,LC,BSE,1
https://www.screener.in/company/UNIONBANK/consolidated/,186.95,128.38,6.89,27.04,1.04,142710.26,6.3,15.7,-1.33,9.73,6.32,2.28,14.13,9.74,20643.77,-0.38,LC,UNIONBANK,1
https://www.screener.in/company/SIEMENS/consolidated/,3993.75,16.73,94.63,91.98,10.26,142225.58,21.44,19.22,13.21,-11.55,49.94,0.2,15.68,0.02,3276.7,-14.83,LC,SIEMENS,1
https://www.screener.in/company/POLYCAB/consolidated/,9335.05,8.5,49.08,190.23,11.71,140657.39,33.21,23.05,32.06,29.24,45.63,0.47,21.45,0.02,2905.4,92.56,LC,POLYCAB,1
https://www.screener.in/company/LTM/consolidated/,4722.45,60.83,24.99,176.4,5.8,140077.92,29.6,23.13,13.87,18.88,33.47,0.93,25.7,0.1,5196.7,55.48,LC,LTM,1
https://www.screener.in/company/CGPOWER/consolidated/,882,11.24,109.15,7.94,17.41,138935.45,26.71,20.48,21.42,26.93,80.95,0.19,37.93,0.01,1240.09,37.95,LC,CGPOWER,1
https://www.screener.in/company/BOSCHLTD/consolidated/,46800,0.97,58.42,801.24,9.33,138041.76,21.54,14.57,13.63,6.49,41.04,0.25,14.34,0.01,2363.2,62.07,LC,BOSCHLTD,1
https://www.screener.in/company/BRITANNIA/consolidated/,5658.3,14.4,52.32,108.11,26.69,136290.49,56,53.52,6.63,18.7,56.96,1.02,55.72,0.27,2610.26,69.88,LC,BRITANNIA,1
https://www.screener.in/company/PNB/consolidated/,118.4,136.47,6.12,19.22,0.87,136076.43,6.13,12.99,3.41,32.86,10.81,2.12,9.4,11.79,22134.37,21.76,LC,PNB,1
https://www.screener.in/company/BPCL/consolidated/,312.15,25.53,8.67,39.49,1.35,135426.48,25.64,28.75,12.33,-11.73,7.15,3.32,23.73,0.54,17131.73,110.5,LC,BPCL,1
https://www.screener.in/company/BANKBARODA/consolidated/,248.7,30.9,5.84,35.12,0.76,128611.78,5.63,12.7,4.91,13.52,7.08,2.17,13.96,10.89,18392.34,30.73,LC,BANKBARODA,1
https://www.screener.in/company/TMPV/consolidated/,347.45,105.01,1.49,223.74,1.15,127962.11,2.73,75.66,-8.33,208.61,9.28,50.78,36.72,0.71,82645,51.89,LC,TMPV,1
https://www.screener.in/company/ENRIN/,3590.75,10.51,83.76,41.78,26.59,127873.98,67.75,50.47,,368610,89.04,0.6,,0.04,1488,224.17,LC,ENRIN,1
https://www.screener.in/company/BAJAJHLDNG/consolidated/,11479.15,29.57,14.4,795.8,1.74,127751.46,11,11.9,30.15,27.18,15.45,0.83,11.84,0,8993.16,55.8,LC,BAJAJHLDNG,1
https://www.screener.in/company/APOLLOHOSP/consolidated/,8650,7.82,59.11,145.32,13.13,124373.71,17.45,21.15,17.2,33.69,80.77,0.36,16.95,0.9,2172,72.69,LC,APOLLOHOSP,1
https://www.screener.in/company/GROWW/consolidated/,198.2,14.63,50.97,3.94,12.91,124342.7,37.32,28.81,37.74,30.83,33.37,0.57,25.1,0.03,2439.67,-0.71,LC,GROWW,1
https://www.screener.in/company/PFC/consolidated/,374.4,55.01,4.73,78.93,0.87,123555.81,9.71,20.69,4.63,7.17,5.14,4.37,20.91,7,33641.82,-4.01,LC,PFC,1
https://www.screener.in/company/LODHA/consolidated/,1226.6,34.51,29.71,41.3,5.25,122553.15,16.41,15.48,26.04,39.2,46.64,0.52,12.63,0.42,4128.7,18.02,LC,LODHA,1
https://www.screener.in/company/TATAPOWER/consolidated/,379.45,30.41,30.96,12.09,3.08,121247.17,10.53,10.21,-4.19,-5,31.48,0.33,11.08,1.93,5256.1,35.51,LC,TATAPOWER,1
https://www.screener.in/company/INDIANB/consolidated/,896.5,11.65,9.46,94.91,1.44,120755.31,6.32,15.45,9.53,11.39,7.58,1.63,14.37,10.64,12787.12,32.65,LC,INDIANB,1
https://www.screener.in/company/CANBK/consolidated/,131.85,24.55,6.03,21.89,0.97,119596.56,6.52,16.08,3.11,7.47,5.99,2.67,15.56,14.28,19827.97,6.92,LC,CANBK,1
https://www.screener.in/company/CIPLA/consolidated/,1460.9,16.51,33.03,41.73,3.41,118018.12,15.49,11.6,1.85,-33.63,28.09,0.35,14.46,0.02,3355.68,61.68,LC,CIPLA,1
https://www.screener.in/company/HEROMOTOCO/consolidated/,5860.7,9.03,21.13,272.33,5.45,117296.71,35.22,28.1,25.64,9.93,20.52,1.33,21.22,0.04,5487.98,99.31,LC,HEROMOTOCO,1
https://www.screener.in/company/ZYDUSLIFE/consolidated/,1175,12.71,24.05,44.93,4.41,117206.69,21.14,21.25,21.11,4.55,21.31,0.88,21.01,0.46,4592.7,23.56,LC,ZYDUSLIFE,1
https://www.screener.in/company/HDFCLIFE/consolidated/,538.2,52.5,59.21,9.14,5.96,116922.62,10.3,11.28,4.3,5.05,86.76,0.19,10.77,0.16,1975.16,1020.15,LC,HDFCLIFE,1
https://www.screener.in/company/MUTHOOTFIN/consolidated/,2889,43.63,10.19,283.29,2.88,115984.23,15.8,30.92,50.65,84.79,14.93,3.03,22.8,4.02,11457.45,-185.88,LC,MUTHOOTFIN,1
https://www.screener.in/company/GAIL/consolidated/,175.25,40.57,11.63,15.02,1.28,115228.62,9.67,8.71,3.52,1.35,11.77,0.75,12.37,0.28,9870.29,77.46,LC,GAIL,1
https://www.screener.in/company/IRFC/,88,160.28,16.03,5.5,2.03,115002.85,5.64,12.81,4.87,7.79,17.67,0.8,13.79,7.69,7190.69,-100.02,LC,IRFC,1
https://www.screener.in/company/SBIFUNDS/consolidated/,564.6,10.7,37.13,15.06,,114999.3,56.5,43.02,17.27,20.76,38.25,1.16,36.53,0,3067.38,61.08,LC,SBIFUNDS,1
https://www.screener.in/company/JINDALSTEL/consolidated/,1096.5,19.12,36.24,26.65,2.21,111852.67,9.7,8.22,16.45,-19.17,17.25,0.23,11.27,0.44,2708.7,72.24,MC,JINDALSTEL,1
https://www.screener.in/company/MARICO/consolidated/,857.5,3.78,58.95,14.54,26.45,111336.74,47.05,42.82,25.14,13.12,54.48,0.73,39.26,0.13,1952,82.57,MC,MARICO,1
https://www.screener.in/company/UNITDSPR/consolidated/,1529.3,11.16,60.02,25.9,12.44,111233.77,26.39,21.43,3.12,15.37,61.65,0.36,20.22,0.05,1884,54.89,MC,UNITDSPR,1
https://www.screener.in/company/GVT&D/,4329.45,30.5,82.11,50.97,41.22,110855.59,76.43,57.32,43.91,76.51,103.03,0.7,27.08,0.01,1305.04,96.36,MC,GVT&D,1
https://www.screener.in/company/ABCAPITAL/consolidated/,401.65,7.23,27.29,15.04,3.08,109910.11,8.72,12.04,16.33,18.14,17.99,0.44,14.55,5.22,4118.85,-211.8,MC,ABCAPITAL,1
https://www.screener.in/company/GMRAIRPORT/consolidated/,103.4,18.54,194.3,0.45,,109179.8,11.65,,38.8,159.42,537.2,,,,757.47,76.43,MC,GMRAIRPORT,1
https://www.screener.in/company/LLOYDSME/consolidated/,1935.85,9.86,22.85,86.01,7.83,108970.34,27.29,36.58,230.21,210.66,30.45,1.6,40.71,1.49,4920.94,45.58,MC,LLOYDSME,1
https://www.screener.in/company/HDFCAMC/,2488.65,19.23,36.15,68.86,11.54,106710.06,42.88,32.93,15.14,13.24,38.29,0.91,29.78,0,2949.8,66.65,MC,HDFCAMC,1
https://www.screener.in/company/VEDL/consolidated/,272.8,32.22,9.68,50.32,2.14,106675.36,16.08,38.15,2.02,36.95,5.84,3.94,28.35,0.66,28556,160.21,MC,VEDL,1
https://www.screener.in/company/LGEINDIA/,1570.6,11.36,63.28,24.83,13.9,106607.99,32.27,24.69,0.98,-23.45,59.2,0.39,29.6,0.06,1685.09,62.83,MC,LGEINDIA,1
https://www.screener.in/company/TATACONSUM/consolidated/,1075.95,19.22,64.58,16.52,4.87,106485.68,9.24,7.35,15.6,25.43,77.76,0.11,7.23,0.13,1642.24,82.71,MC,TATACONSUM,1
https://www.screener.in/company/ASHOKLEY/consolidated/,181,19.02,29.28,5.91,7.44,106316.75,13.63,27.43,14.13,20.86,26.99,0.94,21.54,4.49,3720.98,-43.54,MC,ASHOKLEY,1
https://www.screener.in/company/LENSKART/consolidated/,600.4,2.36,158.57,4.43,11.97,104392.75,8.08,6.33,37.11,77.25,164.55,0.04,1.99,0.35,668.21,88.53,MC,LENSKART,1
https://www.screener.in/company/AMBUJACEM/consolidated/,420,68.32,22.17,17.84,1.75,104362.3,5.61,8.85,7.07,3.82,32.18,0.4,9.47,0.01,5222.16,72.17,MC,AMBUJACEM,1
https://www.screener.in/company/MAZDOCK/consolidated/,2563.8,47.36,36.17,70.85,10.6,103418.56,35.98,29.17,13.87,31.72,32.19,0.81,29.49,0.05,2853.88,-77.93,MC,MAZDOCK,1
https://www.screener.in/company/LUPIN/consolidated/,2259.15,11.99,17.36,120.98,4.61,103295.69,29.93,28.68,28.19,60.96,37.12,1.65,13,0.29,5550.99,80.26,MC,LUPIN,1
https://www.screener.in/company/PAYTM/consolidated/,1603.05,22.33,126.69,10.16,6.39,102776.84,5.01,4.7,22.55,262.55,129.52,0.04,-9.12,0.01,649,-54.87,MC,PAYTM,1
https://www.screener.in/company/INDHOTEL/consolidated/,715.95,24.99,52.46,15.08,7.8,101910.64,17.06,14.24,13.17,13.24,63.82,0.27,11.68,0.22,2308.74,71.78,MC,INDHOTEL,1
https://www.screener.in/company/JSWENERGY/consolidated/,554.95,45.05,50.71,11.12,3.14,101749.12,8.16,7.51,35.37,-7.65,45.05,0.15,8.07,2.5,2459.25,90.59,MC,JSWENERGY,1
https://www.screener.in/company/INDUSTOWER/consolidated/,383.4,31.72,14.12,27.12,2.54,101147.16,19.48,18.61,6.72,-26.57,12.68,1.32,23.29,0.53,7153.9,85.76,MC,INDUSTOWER,1
https://www.screener.in/company/OFSS/consolidated/,11506.9,14.89,29.36,392.15,12.8,100196.91,45.28,32.61,28.57,41.92,23.9,1.11,28.68,0,3412.9,70.39,MC,OFSS,1
https://www.screener.in/company/MANKIND/consolidated/,2418.4,26.31,46.82,49.48,6.12,99878.93,13.53,13.14,14.16,12.65,50.25,0.28,17.24,0.39,2067.57,78.13,MC,MANKIND,1
https://www.screener.in/company/DRREDDY/consolidated/,1196,18.85,30.96,38.61,2.65,99827.2,13.04,11.22,-0.87,-43.28,19.96,0.36,16.49,0.2,3183.3,74.94,MC,DRREDDY,1
https://www.screener.in/company/BHARATFORG/consolidated/,2082.75,10.19,98.6,14.77,10.39,99573.88,12.61,11.99,17.54,-1.52,61.24,0.12,11.85,0.76,715.64,48.94,MC,BHARATFORG,1
https://www.screener.in/company/LAURUSLABS/consolidated/,1834,2.01,90.65,20.25,18.65,99093.24,17.76,18.3,22.62,114.88,63.35,0.2,14.85,0.48,1090.53,88.23,MC,LAURUSLABS,1
https://www.screener.in/company/MAXHEALTH/consolidated/,1014.45,29.56,66.56,14.82,9.2,98730.73,14.71,14.74,19.14,31.09,71.79,0.22,13.58,0.32,1442.41,67.92,MC,MAXHEALTH,1
https://www.screener.in/company/AUROPHARMA/consolidated/,1672,0.55,25.71,63.92,2.57,97110.03,12.86,10.1,9.09,11.49,19.37,0.39,10.41,0.21,3710.8,75.06,MC,AUROPHARMA,1
https://www.screener.in/company/GODREJCP/consolidated/,916.6,68.21,45.18,18.7,7.43,93796.15,18.75,16.08,9.16,9.45,59.92,0.36,14.34,0.35,1913.54,73.86,MC,GODREJCP,1
https://www.screener.in/company/NYKAA/consolidated/,327.25,31.09,352.09,0.89,65.16,93728.16,17.23,15.29,27.41,233.75,1096.31,0.04,5.89,0.86,259.23,81.98,MC,NYKAA,1
https://www.screener.in/company/SHREECEM/consolidated/,25127,29.38,55.63,451.79,3.92,90660.08,10.27,7.51,12.63,9.64,52.4,0.13,8.99,0.08,1636.12,72.27,MC,SHREECEM,1
https://www.screener.in/company/RECLTD/consolidated/,343,90.67,5.62,60.9,1.08,90319.59,9.71,20.12,2.03,-4.97,5.55,3.58,21.06,6.1,16035.21,10.47,MC,RECLTD,1
https://www.screener.in/company/MANIPALHOS/consolidated/,685.5,4.62,99.47,7.56,,90169.09,12.1,12.7,25.4,-10.08,88.82,0.13,16.12,1.53,916.52,75.85,MC,MANIPALHOS,1
https://www.screener.in/company/MEESHO/consolidated/,194.45,30.96,,-3.85,20.23,89882.25,-35.59,-42.32,34.47,74.56,,,,0.01,-1201.23,382.79,MC,MEESHO,1
https://www.screener.in/company/IDBI/consolidated/,82.85,144.12,9.58,8.67,1.3,89083.65,5.92,14.14,0.92,17.72,15.53,1.48,11.3,5.47,9343.31,66.19,MC,IDBI,1
https://www.screener.in/company/FEDERALBNK/consolidated/,354.05,4.99,18.67,19.01,2.19,87509.39,6.39,11.59,6.5,15.64,11,0.62,13.02,8.66,4842.84,18.18,MC,FEDERALBNK,1
https://www.screener.in/company/NAUKRI/consolidated/,1340.45,37.19,58.96,24.67,2.32,86917.54,3.45,1.81,13.86,42.55,101.06,0.03,3,0.01,1910.05,73.49,MC,NAUKRI,1
https://www.screener.in/company/PERSISTENT/consolidated/,5456.85,24.41,43.28,122.17,10.96,86081.8,34.36,27.24,25.39,31.04,51.98,0.63,24.99,0.06,1923.22,59.5,MC,PERSISTENT,1
https://www.screener.in/company/DIXON/consolidated/,13702.25,39.76,44.65,308.83,17.81,83778.48,41.97,37.43,14.34,118.75,116.83,0.84,31.23,0.21,2082.06,68.52,MC,DIXON,1
https://www.screener.in/company/HINDPETRO/consolidated/,391.75,29.79,49.85,7.85,1.27,83357.44,22.24,30.94,9.4,-83.64,4.91,0.62,18.34,0.85,1671.29,104.99,MC,HINDPETRO,1
https://www.screener.in/company/AUBANK/,1087.1,1.73,28.55,38.2,4.11,81524.98,7.66,14.32,17.32,30.77,30.09,0.5,14.45,8.44,2856.35,14.07,MC,AUBANK,1
https://www.screener.in/company/ICICIGI/,1628.4,41.36,33.52,48.74,4.77,81340.76,21.88,16.58,11.84,-9.23,38.87,0.49,16.9,0,2428.03,73.46,MC,ICICIGI,1
https://www.screener.in/company/POLICYBZR/consolidated/,1739.85,29.61,107.62,16.19,10.97,80501.98,10.31,9.75,38,98.75,263.11,0.09,-0.96,0.05,748.39,4.71,MC,POLICYBZR,1
https://www.screener.in/company/COFORGE/consolidated/,1806.8,10.99,41.73,48.65,6.38,80026.85,23.5,21.41,35.68,97.53,45.97,0.51,21.55,0.08,1920,59.54,MC,COFORGE,1
https://www.screener.in/company/BHARTIHEXA/,1600.1,28.3,43.3,36.48,11.19,80005,21.37,25.95,7.87,28.63,66.15,0.6,17.23,0.86,1824,88.34,MC,BHARTIHEXA,1
https://www.screener.in/company/JSWINFRA/consolidated/,342.7,5.34,51.5,6.91,6.63,79849.15,13.59,15.31,19.02,-2.82,43.24,0.3,16.28,0.63,1514.93,68.91,MC,JSWINFRA,1
https://www.screener.in/company/INDUSINDBK/consolidated/,1017.4,100.31,59.95,16.97,1.2,79269.74,5.68,1.36,-6.38,31.08,14.04,0.02,8.64,6.73,1322.32,3.3,MC,INDUSINDBK,1
https://www.screener.in/company/HAVELLS/consolidated/,1260.6,67.06,47.48,26.04,8.36,79110.42,24.9,19.03,10.1,18.01,69.62,0.4,18.78,0.03,1631.43,57.76,MC,HAVELLS,1
https://www.screener.in/company/LTF/consolidated/,315,7.49,24.64,12.71,2.82,78940.44,8.4,11.22,15.24,20.43,19.59,0.46,7.57,3.94,3198.02,-129.33,MC,LTF,1
https://www.screener.in/company/NTPCGREEN/consolidated/,92.34,68.24,128.18,0.72,4.09,77808.71,3.56,2.79,42.12,8.9,158.04,0.02,,1.67,605.71,88.97,MC,NTPCGREEN,1
https://www.screener.in/company/NHPC/consolidated/,77.08,53.67,20.39,3.78,1.87,77427.13,5.75,9.32,12.02,24.48,20.31,0.46,9.31,1.26,4267.39,45.06,MC,NHPC,1
https://www.screener.in/company/SWIGGY/consolidated/,279.9,120.54,,-14,4.2,77261.16,-24.08,-29.07,46.8,-0.92,,,,0.14,-3748,106.11,MC,SWIGGY,1
https://www.screener.in/company/WAAREEENER/consolidated/,2678.9,44.28,19.14,132.67,5.36,77058.91,38.78,32.83,94.31,81.21,38.31,1.72,31.62,0.22,4003.13,24.59,MC,WAAREEENER,1
https://www.screener.in/company/OIL/consolidated/,472.9,62.38,9.21,51.35,1.32,76922.29,11.56,12.29,19.18,27.31,7.56,1.33,16.91,0.65,9530.99,79.15,MC,OIL,1
https://www.screener.in/company/MCX/consolidated/,2981.15,16.73,49.3,60.46,26.73,76016.9,71.37,56.27,110.21,136.36,59.62,1.14,27.54,0,1541.8,171.58,MC,MCX,1
https://www.screener.in/company/SRF/consolidated/,2560.7,29.85,33.85,72.93,5.43,75905.47,14.61,14.27,12.98,56.61,46.69,0.42,15.96,0.36,2161.73,72.62,MC,SRF,1
https://www.screener.in/company/NAM-INDIA/consolidated/,1179.2,4.6,46.06,25.66,16.15,75385.76,43.8,34.48,23.01,21.24,31.89,0.75,28.27,0.02,1636.96,72.6,MC,NAM-INDIA,1
https://www.screener.in/company/NATIONALUM/consolidated/,409.4,8.73,11.15,36.76,3.5,75191.7,39.59,29.42,9.02,17.83,10.09,2.64,23.14,0,6750.67,74.91,MC,NATIONALUM,1
https://www.screener.in/company/NMDC/consolidated/,85.07,73.46,10.07,8.47,2.2,74791.98,27.58,23.37,34.16,14.06,9.2,2.32,26.45,0.19,7450.19,46.49,MC,NMDC,1
https://www.screener.in/company/IDFCFIRSTB/,85.81,17.4,32.9,2.68,1.53,73978.72,5.99,3.84,12.32,72.08,21.74,0.12,5.82,7.31,2248.75,32.67,MC,IDFCFIRSTB,1
https://www.screener.in/company/ICICIPRULI/consolidated/,505.75,57.55,45.64,11.09,5.4,73374.72,10.14,12.58,-10.49,35.63,84.98,0.28,8.62,0.19,1607.89,-314.25,MC,ICICIPRULI,1
https://www.screener.in/company/ATGL/,659.6,506.43,119.36,5.53,15.04,72543.47,15.09,14.06,19.58,-4.01,139.45,0.12,17.99,0.47,607.74,94.21,MC,ATGL,1
https://www.screener.in/company/DABUR/consolidated/,408.35,64.56,36.53,11.12,6.33,72439.36,20.28,17,7.4,11.36,53.32,0.47,18.89,0.11,1946.56,85.12,MC,DABUR,1
https://www.screener.in/company/ASTERDM/consolidated/,829.9,7.4,200.43,6.15,9.4,72340.1,11.4,10.7,15.7,2.06,81.29,0.05,9.47,0.49,362.82,66.28,MC,ASTERDM,1
https://www.screener.in/company/UNOMINDA/consolidated/,1247.9,10.75,58.94,20.83,10.53,72062.15,19.65,19.33,18.8,18.84,59.85,0.33,17.52,0.4,1290.54,68.01,MC,UNOMINDA,1
https://www.screener.in/company/YESBANK/consolidated/,22.91,1663.42,19.05,1.2,1.37,71909.42,5.98,7.1,-0.45,37.81,35.21,0.37,4.38,7.32,3775.03,82.65,MC,YESBANK,1
https://www.screener.in/company/SAIL/consolidated/,171.85,70.5,14.71,10.34,1.18,70983.09,7.79,6.43,6.45,58.66,14.98,0.44,8.83,0.53,4272.27,142.94,MC,SAIL,1
https://www.screener.in/company/BAJAJHFL/,84.95,121.9,26.19,3.23,3.14,70783.19,8.85,12.11,16.29,19.39,41.55,0.46,13.24,4.6,2692.32,-196.15,MC,BAJAJHFL,1
https://www.screener.in/company/APARINDS/consolidated/,17260,6.98,57.56,294.12,12.86,69357.07,31.12,20.23,23.96,36.71,28.34,0.35,22.42,0.18,1181.51,49.86,MC,APARINDS,1
https://www.screener.in/company/PRESTIGE/consolidated/,1600.95,29.6,60.54,26.44,4.23,68957.75,10.38,7.53,67.46,115.95,43.72,0.12,6.42,1.09,1265.3,76.74,MC,PRESTIGE,1
https://www.screener.in/company/BIOCON/consolidated/,421.8,15.64,94.53,3.35,2.02,68740.46,3.61,1.4,9.83,99.92,48.89,0.01,4.19,0.45,416.4,53.46,MC,BIOCON,1
https://www.screener.in/company/PHOENIXLTD/consolidated/,1901.95,14.08,52.48,35.79,6.22,68025.88,12.83,11.58,17.67,31.79,54.82,0.22,10.08,0.48,1630.16,86.39,MC,PHOENIXLTD,1
https://www.screener.in/company/FORTIS/consolidated/,898.65,22.96,63.62,13.88,6.86,67844.3,13.45,11.23,17.5,15.95,62.19,0.18,8.89,0.35,1070.21,74.51,MC,FORTIS,1
https://www.screener.in/company/TORNTPOWER/consolidated/,1335,52.61,28.93,46.12,3.52,67271.09,13.66,12.47,4.09,-15.43,22.12,0.43,14.87,0.73,2389.63,94.87,MC,TORNTPOWER,1
https://www.screener.in/company/OBEROIRLTY/consolidated/,1818.95,29.18,25.02,72.32,3.7,66137.44,17.28,14.55,29.86,28.37,27.37,0.58,14.1,0.16,2629.69,38.7,MC,OBEROIRLTY,1
https://www.screener.in/company/BANKINDIA/consolidated/,144.95,306.35,5.61,25.87,0.74,65990.93,5.93,12.41,6.21,19.41,7.23,2.21,9.87,11.83,11782.73,7.32,MC,BANKINDIA,1
https://www.screener.in/company/IOB/,33.87,575.82,11.33,2.99,1.66,65222.07,6.07,14.86,14.86,50.97,23.53,1.31,11.03,10.74,5756.23,21.07,MC,IOB,1
https://www.screener.in/company/SCHAEFFLER/,4169.4,18.75,50.47,82.6,10.43,65169.23,27.9,20.8,19.24,22.02,53.32,0.41,20.12,0.01,1291.05,68.91,MC,SCHAEFFLER,1
https://www.screener.in/company/ALKEM/consolidated/,5450,18.17,26.75,192.51,4.72,65162.92,21.24,18.89,13.48,12.83,29.06,0.71,18.22,0.15,2351.16,54.68,MC,ALKEM,1
https://www.screener.in/company/GLENMARK/consolidated/,2300.3,7.55,20.79,63.71,6.17,64920.12,39.77,30.49,32.94,134.15,20.8,1.47,3.26,0.06,1797.79,68.45,MC,GLENMARK,1
https://www.screener.in/company/SUZLON/consolidated/,47.37,810.3,20.52,2.31,6.81,64590.84,35.07,40.64,45.24,50.18,77.97,1.98,,0.06,3144.29,37.54,MC,SUZLON,1
https://www.screener.in/company/BERGEPAINT/consolidated/,551.7,31.86,52.35,10.43,9.31,64328.38,21.55,17.31,5.22,5.08,59.83,0.33,20.47,0.09,1217.99,79.23,MC,BERGEPAINT,1
https://www.screener.in/company/MAHABANK/consolidated/,82.37,17.46,8.4,9.8,1.79,63355.34,6.03,22.65,15.83,31.03,8.77,2.7,20.14,10.74,7535.8,-47.6,MC,MAHABANK,1
https://www.screener.in/company/GICRE/consolidated/,354.3,48.32,6.43,55.08,0.89,62158.4,17.35,14.64,6.79,50.66,8.37,2.28,12.45,0,9662.37,4.06,MC,GICRE,1
https://www.screener.in/company/RADICO/consolidated/,4623.95,0,87.15,52.54,18.66,61952.78,24.15,20.26,19.3,75.94,79.75,0.23,14.23,0.15,703.55,71.64,MC,RADICO,1
https://www.screener.in/company/SBICARD/,647.35,79.96,27.1,23.91,3.92,61604.61,10.1,14.69,7.92,21.16,35.89,0.54,19.03,2.8,2275.15,8.05,MC,SBICARD,1
https://www.screener.in/company/KALYANKJIL/consolidated/,595.8,33.5,42.06,13.9,9.74,61531.28,20.52,24.8,45.79,82.64,46.67,0.59,16.59,0.97,1434.98,48.81,MC,KALYANKJIL,1
https://www.screener.in/company/COROMANDEL/consolidated/,2078.6,30.86,32.85,62.11,4.87,61322.14,22.05,16.41,23.5,-5.97,18.58,0.5,20.28,0.12,1778.11,44.87,MC,COROMANDEL,1
https://www.screener.in/company/JSL/consolidated/,738.7,19.67,18.53,39.41,3.08,60899.87,19.28,17.73,9.82,27.78,17.01,0.96,21.1,0.38,3238.57,57.3,MC,JSL,1
https://www.screener.in/company/GODREJPROP/consolidated/,2021.25,68.35,37.68,53.13,3.19,60885.42,7.63,8.82,12.66,9.31,70.81,0.23,7.15,0.83,1591.68,-76.63,MC,GODREJPROP,1
https://www.screener.in/company/ATHERENERG/,1525.3,4.2,,-10.22,22.68,60172,-19.77,-33.41,67.15,52.35,,,-102.06,0.26,-389.84,-12.41,MC,ATHERENERG,1
https://www.screener.in/company/ABBOTINDIA/,28234,31.05,37.17,759.87,12.57,59997.26,44.8,34.35,6.29,11.18,48.19,0.92,33.53,0.04,1614.68,60.62,MC,ABBOTINDIA,1
https://www.screener.in/company/RBLBANK/,386.4,85.44,68.39,11.73,1.44,59896.18,5.77,5.11,5.37,67.08,13.56,0.07,4.9,9.38,875.81,81.92,MC,RBLBANK,1
https://www.screener.in/company/LINDEINDIA/,6788.45,46.35,105.5,64.35,13.67,57891.91,18.23,13.74,10.43,24.35,108.16,0.13,13.82,0.02,548.83,80.5,MC,LINDEINDIA,1
https://www.screener.in/company/HDBFS/,690.15,29.23,20.77,33.26,2.8,57326.89,9.09,13.94,11.97,27.72,25.78,0.67,15.59,4.8,2761.1,-82.34,MC,HDBFS,1
https://www.screener.in/company/APLAPOLLO/consolidated/,2043.2,12.64,46.13,44.27,10.71,56731.17,31.64,25.31,10.44,53.43,52.15,0.55,23.45,0.09,1229.04,109.9,MC,APLAPOLLO,1
https://www.screener.in/company/MRF/consolidated/,131148.95,24.74,22.59,5700.97,2.65,55622.15,15.73,12.51,11.37,37.04,31.86,0.55,9.61,0.15,2417.84,84.77,MC,MRF,1
https://www.screener.in/company/M&MFIN/consolidated/,399.75,3.81,16.59,23.4,2.1,55564.1,8.72,12.26,13.56,46.24,18.17,0.74,10.57,4.82,3259.63,-96.19,MC,M&MFIN,1
https://www.screener.in/company/KEI/consolidated/,5787.25,0.78,55.47,104.27,8.28,55326.46,20.07,14.75,20.29,34.36,47.72,0.27,17.05,0.04,996.82,60.53,MC,KEI,1
https://www.screener.in/company/MOTILALOFS/consolidated/,903.55,21.42,27.46,32.92,4.21,54406.97,12.66,15.53,14.85,-28.82,11.83,0.57,22.38,1.65,1983.33,-155.18,MC,MOTILALOFS,1
https://www.screener.in/company/COLPAL/,1991.05,95.52,39.54,49.55,34.18,54153.69,108.02,82.73,3.79,-1.77,43.88,2.09,74.74,0.03,1347.77,92.2,MC,COLPAL,1
https://www.screener.in/company/TIINDIA/consolidated/,2791.7,72.33,81.77,32.9,6.96,54039.61,17.14,9.95,17.38,-2.66,70.37,0.12,18.69,0.1,1118.22,43.55,MC,TIINDIA,1
https://www.screener.in/company/HINDCOPPER/,558.5,36.09,44.67,11.78,16.15,54008.27,42.4,32.93,67.07,147.12,54.47,0.74,21.64,0.03,1139,96.07,MC,HINDCOPPER,1
https://www.screener.in/company/FACT/,821.45,44.5,,-0.61,39.33,53153.73,4.93,-2.91,41.3,-279.92,91.25,,26.55,2.95,-39.6,-405.55,MC,FACT,1
https://www.screener.in/company/FLUOROCHEM/consolidated/,4830.4,2.19,85.9,55.08,6.78,53061.93,9.86,7.6,9.52,-0.37,54.79,0.09,12.78,0.29,600,72.15,MC,FLUOROCHEM,1
https://www.screener.in/company/543225/consolidated/,171.5,0.87,48.81,3.63,4.56,52262.91,8.6,8.07,24.22,27.22,48.86,0.17,5.23,4.59,1106.6,96.75,MC,543225,1
https://www.screener.in/company/KRT/consolidated/,117.3,10.39,82.95,1.41,1.2,52015.5,5.22,1.67,,15380.51,137.24,0.02,,0.29,627.15,81.2,MC,KRT,1
https://www.screener.in/company/MFSL/consolidated/,1506,25.66,648.62,2.43,9.86,51974.29,2.87,1.52,2.59,-75.88,108.67,0,6.63,0.35,105.58,5030.12,MC,MFSL,1
https://www.screener.in/company/VMM/consolidated/,107.1,47.29,56.23,1.91,6.75,50168.94,14.79,12.15,19.83,29.66,97.06,0.22,8.62,0.27,891.92,82.3,MC,VMM,1
https://www.screener.in/company/SONACOMS/,804.4,4.41,64.47,12,8.57,50158.58,15.11,11.67,42.68,37.36,73.67,0.18,15.4,0.06,746.4,53.54,MC,SONACOMS,1
https://www.screener.in/company/SUNDARMFIN/consolidated/,4511.6,25.06,22,199.81,3.36,50125.6,9.44,15.01,13.75,18.63,24.4,0.68,14.62,4.68,2219.84,-76.14,MC,SUNDARMFIN,1
https://www.screener.in/company/TATACOMM/consolidated/,1756.4,23.83,48.14,33.19,14.52,50060.33,14.63,32.61,8.3,-0.07,34.35,0.68,73.8,3.55,936.43,87.58,MC,TATACOMM,1
https://www.screener.in/company/BDL/,1355.2,54.71,118.17,11.47,11.71,49676.51,13.84,10.19,-27,-23.53,66,0.09,14.17,0,420.34,93.33,MC,BDL,1
https://www.screener.in/company/WELCORP/consolidated/,1881.85,0.07,21.53,87.55,5.43,49641.43,22.89,19.42,20.21,41.66,17.21,0.9,15.42,0.26,2319.21,118.18,MC,WELCORP,1
https://www.screener.in/company/ANTHEM/consolidated/,879.55,2.31,83.48,10.25,16.23,49537.85,30.37,22.28,-2.14,17.56,75.32,0.27,23.4,0.02,575.95,85.52,MC,ANTHEM,1
https://www.screener.in/company/THERMAX/consolidated/,4080,43.14,88.3,49.8,8.75,48615.8,13.94,10.55,4.74,-17.98,69.4,0.12,11.27,0.42,590.6,44.23,MC,THERMAX,1
https://www.screener.in/company/GLAND/consolidated/,2912.5,49.36,41.91,68.49,4.59,48046.52,15.11,10.68,17.57,48.76,38.21,0.25,11.04,0.03,1128.8,53.08,MC,GLAND,1
https://www.screener.in/company/MPHASIS/consolidated/,2505,46.1,24.66,100.21,4.46,47814.43,22.09,18.53,13.69,11.32,29.37,0.75,19.51,0.24,1910.41,37.95,MC,MPHASIS,1
https://www.screener.in/company/AIIL/,562.4,21.53,22.82,24.65,3.29,47760.44,13.76,13.16,-36.77,-48.91,7.91,0.58,25.64,0.21,2092.95,44.09,MC,AIIL,1
https://www.screener.in/company/RVNL/consolidated/,228.85,182.72,53.06,4.31,4.88,47715.67,10.8,9.02,5.4,-24.3,35.24,0.17,15.55,0.49,895.84,-115.45,MC,RVNL,1
https://www.screener.in/company/BALKRISIND/consolidated/,2464.2,37.08,33.92,72.71,4.32,47637.19,11.18,9.66,9.78,-3.28,33.28,0.28,14.65,0.38,1405.57,94.47,MC,BALKRISIND,1
https://www.screener.in/company/UPL/consolidated/,564.3,47,24.14,23.94,1.38,47621.55,10.11,5.64,12.86,36.49,19.46,0.23,6.79,0.68,2323,80.94,MC,UPL,1
https://www.screener.in/company/360ONE/consolidated/,1168.75,12.77,37.66,31.11,4.83,47555.16,12.13,14.39,36.82,19.48,33.67,0.38,18.86,1.62,1262.03,-103.5,MC,360ONE,1
https://www.screener.in/company/PREMIERENE/consolidated/,1035.5,34.04,28.24,36.73,10.88,47006.65,33.32,42.35,26.7,59.07,44.3,1.5,40.36,0.86,1673.82,48.8,MC,PREMIERENE,1
https://www.screener.in/company/PIRAMALFIN/consolidated/,2059.6,7.79,104.01,74.58,1.66,46686.54,6.47,0.86,17.78,-22.65,84.94,0.01,4.56,2.84,1690.75,-214.88,MC,PIRAMALFIN,1
https://www.screener.in/company/IPCALAB/consolidated/,1813,7.28,39.04,44.98,5.72,45996.56,16.98,15.7,7.89,39.22,38.39,0.4,12.77,0.1,1183.78,53.79,MC,IPCALAB,1
https://www.screener.in/company/AJANTPHARM/consolidated/,3610,1.61,39.73,90.84,9.97,45110.19,34.51,27.14,20.19,22.04,34.69,0.68,23.41,0.06,1134.88,31.85,MC,AJANTPHARM,1
https://www.screener.in/company/GLAXO/consolidated/,2629.95,33.69,42.31,63.05,19.65,44552.93,61.41,45.61,5.75,11.2,52.7,1.08,47.63,0.01,1068.15,65.7,MC,GLAXO,1
https://www.screener.in/company/AEGISLOG/consolidated/,1268.55,18.09,35.59,35.65,7.34,44526.13,13.33,16.27,30.35,88.67,31.48,0.46,15.93,0.69,1476.11,115.85,MC,AEGISLOG,1
https://www.screener.in/company/SUPREMEIND/consolidated/,3458.85,87.41,42.57,81.27,7.1,43936.68,20.73,15.77,8.71,16.02,48.12,0.37,19.83,0.01,1032.4,73.27,MC,SUPREMEIND,1
https://www.screener.in/company/CPPLUS/consolidated/,3704.6,10.51,91.81,40.56,23.25,43825.57,28.56,25.41,51.85,214.81,97.69,0.28,24.67,0.14,477.29,2.33,MC,CPPLUS,1
https://www.screener.in/company/NAVINFLUOR/consolidated/,8392,4.57,54.13,154.05,10.82,43056.41,20.96,19.64,42.43,124.32,71.45,0.36,14.96,0.32,789.7,79.23,MC,NAVINFLUOR,1
https://www.screener.in/company/POONAWALLA/consolidated/,487.65,16.97,54.58,9.39,3.86,42938.19,7.51,5.86,72.47,340.37,52.33,0.11,6.17,4.68,786.92,-607.54,MC,POONAWALLA,1
https://www.screener.in/company/ENDURANCE/consolidated/,3030,1.65,45.66,67.66,6.22,42620.87,17.8,14.87,26.25,24.69,42.31,0.33,13.46,0.19,951.71,90.1,MC,ENDURANCE,1
https://www.screener.in/company/GODREJIND/consolidated/,1262,14.39,43.06,36.83,3.81,42510.59,8.17,9.26,13.12,20.53,36.64,0.22,7.91,4.61,2411.91,-147.99,MC,GODREJIND,1
https://www.screener.in/company/VOLTAS/consolidated/,1283.15,51.67,108.08,11.36,6.64,42457.49,9.04,6.1,-7.58,-52.14,81.71,0.06,7.64,0.16,370,9.41,MC,VOLTAS,1
https://www.screener.in/company/EMBASSY/consolidated/,447.8,14.34,173.06,3.99,2.01,42446.68,5.61,1.26,14.38,-84.68,42.12,0.01,3.5,1.08,378.6,95.7,MC,EMBASSY,1
https://www.screener.in/company/ASTRAL/consolidated/,1562.9,57.02,70.89,21.43,10.36,41987.36,19.22,13.85,16.79,22.27,88.06,0.2,16.78,0.06,575.7,103.17,MC,ASTRAL,1
https://www.screener.in/company/PAGEIND/,37450.75,45.12,52.89,684.8,27.82,41772.11,64.39,54.29,6.32,8.34,75.3,1.03,48,0.18,763.82,65.29,MC,PAGEIND,1
https://www.screener.in/company/AIAENG/consolidated/,4458.45,16.18,32.8,135.69,5.16,41606.43,21.09,17.02,5.63,14.7,30.85,0.52,16.96,0,1264.75,33.91,MC,AIAENG,1
https://www.screener.in/company/EXIDEIND/consolidated/,488.35,27.03,44.29,10.96,3,41509.75,8.54,5.97,7.61,10.67,30.95,0.13,12.83,0.11,936.64,124.95,MC,EXIDEIND,1
https://www.screener.in/company/JKCEMENT/consolidated/,5359,41.17,42.42,122.37,5.88,41408.05,15.1,15.61,15.92,6.47,42.09,0.37,14.54,0.88,938.36,72.95,MC,JKCEMENT,1
https://www.screener.in/company/PETRONET/consolidated/,276.05,39.43,9.85,28.05,1.84,41407.5,22.74,18.56,-24.82,13.45,11.01,1.88,21.91,0.11,4207.79,76.62,MC,PETRONET,1
https://www.screener.in/company/INDOMIM/consolidated/,832.8,9.13,70.07,11.02,,41180.36,24.98,23.43,25.93,20.16,66.88,0.33,24.93,0.49,533.54,90.02,MC,INDOMIM,1
https://www.screener.in/company/3MINDIA/,36200,13.26,75.29,463.66,23.05,40797.4,50.01,29.98,14.49,13.8,73.27,0.4,21.88,0.1,522.32,49.7,MC,3MINDIA,1
https://www.screener.in/company/IRCTC/,509.7,150.98,29.55,17.41,9.48,40776,46.09,34.65,15.01,5.59,55.36,1.17,38.7,0.02,1392.78,66.13,MC,IRCTC,1
https://www.screener.in/company/CONCOR/consolidated/,525.05,81.92,32.21,16.31,3.1,39988.77,12.41,9.81,1.65,-6.15,37.72,0.3,10.45,0.07,1247.36,64.05,MC,CONCOR,1
https://www.screener.in/company/COCHINSHIP/consolidated/,1517.75,96.31,55.72,27.24,6.77,39929.08,15.95,12.52,4.19,-13.35,43.29,0.22,12.94,0.28,716.74,-101.05,MC,COCHINSHIP,1
https://www.screener.in/company/HSCL/consolidated/,777.35,5.42,49.08,15.91,8.33,39223.1,22.12,17.77,9.8,30.01,37.72,0.36,14.2,0.16,804.14,33.76,MC,HSCL,1
https://www.screener.in/company/CUPID/,289.8,1.36,283.61,1.02,86.44,38968.26,33.46,27.3,116.02,188.13,38.97,0.1,19.09,0.13,137.41,30.66,MC,CUPID,1
https://www.screener.in/company/HUDCO/consolidated/,194,82.45,9.12,21.26,1.78,38836.86,8.41,20.05,25.95,52.98,10.37,2.2,14.92,6.45,4255.25,-278.78,MC,HUDCO,1
https://www.screener.in/company/JBCHEPHARM/consolidated/,2408.9,4.84,53.83,44.18,9.3,38676.99,25.45,18.93,5.87,14.86,40.47,0.35,18.98,0,709.47,61.07,SC,JBCHEPHARM,1
https://www.screener.in/company/LTTS/consolidated/,3620.85,65.71,28.59,124.51,5.93,38409.09,26.71,21.53,10.13,9.97,37.73,0.75,23.45,0.09,1322.1,66.71,SC,LTTS,1
https://www.screener.in/company/EMCURE/consolidated/,2016.05,1.58,37.16,53.34,7.72,38240.45,23.97,20.13,18.36,36.79,35.43,0.54,21.5,0.31,1018.96,50.26,SC,EMCURE,1
https://www.screener.in/company/NLCINDIA/consolidated/,275.6,40.71,11.9,23.14,1.74,38215.73,10.45,17.5,16.85,12.22,12.46,1.47,12.35,1.3,3366.59,69.11,SC,NLCINDIA,1
https://www.screener.in/company/PIIND/consolidated/,2504,91.86,35.2,76.79,3.36,37990.22,14.99,11.24,-16.57,-32.97,38.24,0.32,16.35,0.03,1165,23.14,SC,PIIND,1
https://www.screener.in/company/PATANJALI/,349.05,93.86,18.83,16.68,2.9,37980.45,12,16.46,17.6,54.8,47.59,0.87,12.51,0.21,1814.87,-17.22,SC,PATANJALI,1
https://www.screener.in/company/MEDANTA/consolidated/,1400,8.14,65.76,20.69,9.48,37642.06,17.14,15.17,21.27,0.4,62.52,0.23,15.96,0.3,552.33,70.2,SC,MEDANTA,1
https://www.screener.in/company/NH/consolidated/,1830.05,29.59,43.4,39.94,8.23,37399.06,15.5,20.54,59.61,8.93,38.24,0.47,25.94,1.29,816.54,94.1,SC,NH,1
https://www.screener.in/company/KPRMILL/consolidated/,1089,28.14,40.8,26.69,6.54,37223.53,19.58,15.71,4.2,10.65,33.98,0.39,19.87,0.1,912.34,81.03,SC,KPRMILL,1
https://www.screener.in/company/BAGMANE/consolidated/,109.43,0.98,,,20.4,37206.2,0,-0.02,-100,-100.03,,,,1.94,-0.26,-613803.85,SC,BAGMANE,1
https://www.screener.in/company/UBL/consolidated/,1390.35,65.4,106.38,14.96,8.13,36761.57,10.68,7.69,1.49,-25.79,115.49,0.07,9.29,0.29,395.64,51.13,SC,UBL,1
https://www.screener.in/company/ANANDRATHI/,2204.6,1.02,79.15,27.85,35.71,36605.48,57.47,45.3,22.89,46.6,55.36,0.57,41.12,0.08,462.42,44.34,SC,ANANDRATHI,1
https://www.screener.in/company/HEXT/consolidated/,584,54.14,25.19,22.01,5.3,35683.35,30.07,24.86,13.02,6.61,30.96,0.99,23.08,0.1,1343.3,75.47,SC,HEXT,1
https://www.screener.in/company/PWL/consolidated/,123,31.75,,-0.08,7.81,35680.92,4.02,-0.48,35.09,87.44,,,,0.23,-24.17,138.46,SC,PWL,1
https://www.screener.in/company/DELHIVERY/consolidated/,470.8,50.48,295.69,1.25,3.63,35270.78,2.82,1.87,23.1,-40,197.41,0.01,-5.01,0.15,93.4,90.62,SC,DELHIVERY,1
https://www.screener.in/company/ITCHOTELS/consolidated/,168.65,55.13,38.11,4.15,3.04,35129.43,11.23,7.89,16.09,35.3,42.14,0.21,,0.01,869.46,65.92,SC,ITCHOTELS,1
https://www.screener.in/company/HFCL/consolidated/,229.35,0.61,61.28,3.77,7.16,35104.39,10.86,6.95,58.66,1590.52,38.04,0.11,8.29,0.36,604.38,-45.72,SC,HFCL,1
https://www.screener.in/company/STLTECH/consolidated/,678.25,0.91,147.56,4.98,14.61,34856.04,7.65,1.24,36.18,1489.53,30.42,0.01,0.39,0.86,243,83.33,SC,STLTECH,1
https://www.screener.in/company/TATATECH/consolidated/,856,63.55,53.39,13.72,8.88,34758.04,20.9,16.34,15.21,-5.02,47.12,0.31,20.07,0.24,557.06,73.77,SC,TATATECH,1
https://www.screener.in/company/ESCORTS/consolidated/,3105.5,42.39,24.4,123.61,2.81,34743.64,13.93,18.72,20.43,21.24,35,0.77,12.61,0.01,1382.88,74.39,SC,ESCORTS,1
https://www.screener.in/company/DALBHARAT/consolidated/,1825.6,39.59,31.19,49.74,1.91,34242.02,7.59,6.11,7.6,19.02,36.78,0.2,5.44,0.41,953,71.21,SC,DALBHARAT,1
https://www.screener.in/company/SCHNEIDER/,1431.05,8.19,153.56,8.89,44.18,34216.41,29.63,35.61,9.63,-12.52,78.76,0.23,,0.71,212.56,57.75,SC,SCHNEIDER,1
https://www.screener.in/company/STARHEALTH/,579.35,62.25,40.38,14.35,4.53,34099.22,9.69,7.61,11.35,10.33,40.85,0.19,5.57,0.06,844.19,224.74,SC,STARHEALTH,1
https://www.screener.in/company/TATAINVEST/consolidated/,673.25,75.97,79.09,8.52,1.16,34063.28,1.57,1.44,30.99,31.64,73.74,0.02,1.31,0,430.89,58.38,SC,TATAINVEST,1
https://www.screener.in/company/GODFRYPHLP/consolidated/,2175,81.47,24.79,87.71,5.45,33926.04,30.25,23.38,1.69,11.7,18.39,0.94,19.22,0.04,1368.13,27.01,SC,GODFRYPHLP,1
https://www.screener.in/company/KIMS/consolidated/,803.35,6.82,161.78,5.06,14.32,33741.22,9.5,11.31,30.9,-43.46,49.63,0.07,18.29,1.89,194.4,60.56,SC,KIMS,1
https://www.screener.in/company/IREDA/,117.7,163.38,16.84,6.99,2.41,33064.64,8.69,15.58,19.93,25.78,26.71,0.93,16.46,5.65,1964.16,-198.79,SC,IREDA,1
https://www.screener.in/company/LALPATHLAB/consolidated/,1964.8,8.04,58.6,32.33,13.11,32937.48,28,22.3,14.29,9.57,62.57,0.38,21.47,0.08,546.3,72.53,SC,LALPATHLAB,1
https://www.screener.in/company/NHIT/consolidated/,170,1.18,41.23,4.12,1.39,32926.46,4.42,3,61.64,110.83,62.17,0.07,2.64,1.06,798.55,109.33,SC,NHIT,1
https://www.screener.in/company/UCOBANK/,26.2,481.68,11.63,2.25,0.96,32853.65,5.55,8.61,5.35,12.6,19.5,0.74,7.12,10.5,2816.74,-50.81,SC,UCOBANK,1
https://www.screener.in/company/MINDSPACE/consolidated/,495.54,6.05,42.09,11.89,2.14,32804.41,7.64,4.65,25.85,53.92,45.77,0.11,3.38,0.86,799.29,95.32,SC,MINDSPACE,1
https://www.screener.in/company/HONAUT/,37094.9,61.73,58.62,623.31,7.34,32791.89,16.95,12.59,6.59,9.31,79.18,0.21,13.6,0.02,551.1,62.18,SC,HONAUT,1
https://www.screener.in/company/CRISIL/consolidated/,4475,55.43,36.99,120.92,9.99,32725.67,32.55,24.46,22.03,21.53,48.49,0.66,28.27,0.1,884.32,66.94,SC,CRISIL,1
https://www.screener.in/company/MANAPPURAM/consolidated/,347.25,9.88,22.52,15.97,2.03,32618.43,8.25,6.97,4.68,81.21,7.83,0.31,13.45,3.6,1445.43,-377.9,SC,MANAPPURAM,1
https://www.screener.in/company/KARURVYSYA/,335.9,4.73,11.81,28.4,2.31,32466.51,7.62,19.1,16.02,36.93,9.69,1.62,16.02,8.38,2744.58,-5.79,SC,KARURVYSYA,1
https://www.screener.in/company/RRKABEL/consolidated/,2803.95,1.52,51.87,53.72,12.31,31714.23,28.1,21.33,37.66,81.49,49.48,0.41,18.61,0.13,607.61,34.97,SC,RRKABEL,1
https://www.screener.in/company/JUBLFOOD/consolidated/,475.7,92.98,68.14,6.49,13.7,31388.78,14.8,20.96,17.37,108.46,123.6,0.31,17.27,2.14,444.24,95.48,SC,JUBLFOOD,1
https://www.screener.in/company/NUVAMA/consolidated/,1708,21.02,28.98,59.59,7.55,31361.56,17.49,27.36,12.8,5.22,26.18,0.94,24.06,2.8,1082.03,-121.8,SC,NUVAMA,1
https://www.screener.in/company/SAILIFE/consolidated/,1469.65,0.3,84.85,17.12,12.54,31199.92,19.55,15.39,17.74,50.65,65.37,0.18,9.39,0.12,361.75,74.84,SC,SAILIFE,1
https://www.screener.in/company/BLUESTARCO/consolidated/,1500.8,61.24,58.31,24.77,8.98,30858.67,21.24,17.2,5.9,-0.92,63.38,0.29,19.71,0.24,509.02,15.45,SC,BLUESTARCO,1
https://www.screener.in/company/KIRLOSENG/consolidated/,2114.85,28.63,53.96,37.58,8.5,30772.39,14.55,17.51,22.68,27.79,22.49,0.32,14.93,1.48,534.6,63.39,SC,KIRLOSENG,1
https://www.screener.in/company/IKS/consolidated/,1788.05,22.48,40.2,44.5,13.69,30694.22,36.86,40.32,21.1,40.91,48.05,1,38.86,0.34,763.76,61.27,SC,IKS,1
https://www.screener.in/company/WOCKPHARMA/consolidated/,1880.6,28.8,76.68,25.17,6.21,30558.25,7.55,6.11,18.37,983.41,202.06,0.08,-2.96,0.45,414,51.11,SC,WOCKPHARMA,1
https://www.screener.in/company/AEGISVOPAK/consolidated/,275.65,13.01,112.77,2.44,7.13,30541.79,7.56,11.02,26.06,42.89,112.7,0.1,10.96,0.87,286.26,96.96,SC,AEGISVOPAK,1
https://www.screener.in/company/GRSE/,2652.05,33.42,37.93,69.89,11.56,30379.76,42.96,31.79,39.64,42.86,35.93,0.84,24.18,0.01,800.6,-27.08,SC,GRSE,1
https://www.screener.in/company/PNBHOUSING/,1165.8,22.03,12.91,90.22,1.58,30379.57,9.44,12.91,10.35,15.12,12.63,1,11.54,3.7,2350.65,-111.15,SC,PNBHOUSING,1
https://www.screener.in/company/MRPL/consolidated/,173.2,67,10.91,17.92,2.18,30355.03,18.03,14.48,23.4,1067.35,12.5,1.33,21.65,1.08,3140.92,38.73,SC,MRPL,1
https://www.screener.in/company/ZFCVINDIA/,2638.6,15.36,61.08,42.67,8.15,30028.74,19.08,14.36,7.96,2.47,71.76,0.24,13.4,0.01,485.6,101.39,SC,ZFCVINDIA,1
https://www.screener.in/company/CHOLAHLDNG/consolidated/,1591.05,44.5,12.24,130.01,1.91,29876.32,9.75,17.47,17.95,12.34,13.67,1.43,18.41,13.61,5485.18,-136.19,SC,CHOLAHLDNG,1
https://www.screener.in/company/NIACL/consolidated/,180.75,111.57,38.7,4.67,1.04,29787.59,4.29,4.92,11.34,-35.77,26.51,0.13,2.6,0,775.99,-343.95,SC,NIACL,1
https://www.screener.in/company/ABSLAMC/consolidated/,1022.05,19.85,29.28,34.87,7.31,29564.18,32.23,25.15,6.59,3.86,20.51,0.86,27.32,0.02,1007.44,61.55,SC,ABSLAMC,1
https://www.screener.in/company/TVSHLTD/consolidated/,14478.95,12.56,14.73,975.44,4.52,29293.97,16.95,30.61,31.68,55.82,18.06,2.08,22.86,5.59,3888.41,12.39,SC,TVSHLTD,1
https://www.screener.in/company/NEULANDLAB/consolidated/,22750,3.3,58.65,387.97,15.56,29188.01,26.47,21.25,78.33,277.69,29.12,0.36,17.83,0.16,497.76,57.55,SC,NEULANDLAB,1
https://www.screener.in/company/NETWEB/,5094,2.94,111.29,45.87,40.05,29005.61,37.5,32.84,107.7,102.07,144.25,0.3,31.77,0.39,260.65,56.47,SC,NETWEB,1
https://www.screener.in/company/BIRET/consolidated/,345.28,9.04,53.4,7.24,1.32,28654.11,5.36,2.75,34.53,105.31,70.81,0.05,1.86,0.85,625.8,103.9,SC,BIRET,1
https://www.screener.in/company/SYRMA/consolidated/,1476,4.57,76.65,19.1,9.97,28461.78,16.78,13.96,53.01,84,66.68,0.18,10.71,0.14,401.58,49.61,SC,SYRMA,1
https://www.screener.in/company/PTCIL/consolidated/,18981,4.65,280.19,67.74,18.89,28457.35,8.43,7.02,95.66,64.6,272.1,0.03,7.35,0.17,101.56,-39.85,SC,PTCIL,1
https://www.screener.in/company/CENTRALBK/consolidated/,31.41,575.36,6.22,5.04,0.69,28430.44,5.64,11.9,9.45,8.25,12.65,1.91,8.74,12.41,4571.24,9.65,SC,CENTRALBK,1
https://www.screener.in/company/BANDHANBNK/,176.1,321.24,20.97,8.4,1.11,28371.68,6.41,4.88,-0.2,-34.11,13.92,0.23,8.14,7.06,1353.27,8.86,SC,BANDHANBNK,1
https://www.screener.in/company/PPLPHARMA/consolidated/,212.55,44.86,,-2.36,3.44,28297.79,2.52,-3.83,0.78,-295.92,551.9,,-0.03,0.7,-313.63,141.35,SC,PPLPHARMA,1
https://www.screener.in/company/CDSL/consolidated/,1345.7,47.86,59.7,22.55,14.34,28125.13,31.98,24.53,8.78,-4.75,55.72,0.41,28.61,0,470.35,69.06,SC,CDSL,1
https://www.screener.in/company/APOLLOTYRE/consolidated/,441.2,32.57,13.17,26.9,1.67,28020.66,13.86,13.07,11.23,72.55,19.48,0.99,9.99,0.22,1708.41,85.6,SC,APOLLOTYRE,1
https://www.screener.in/company/LICHSGFIN/consolidated/,502.8,64.48,4.81,104.33,0.66,27657.15,8.59,14.41,0.23,4.34,7.1,3,13.92,6.7,5739.3,-31.5,SC,LICHSGFIN,1
https://www.screener.in/company/PGHH/,8495.9,126.58,34.86,243.59,36.6,27578.32,157.48,114.93,-1.54,-4.58,74.53,3.3,83.17,0,790.72,76.15,SC,PGHH,1
https://www.screener.in/company/SHYAMMETL/consolidated/,983.95,10.78,24.47,40.24,2.34,27465.18,13.01,9.7,22.8,21.54,16.72,0.4,13.63,0.09,1120.23,79.76,SC,SHYAMMETL,1
https://www.screener.in/company/SUMICHEM/,548.85,21.16,47.96,11.62,8.1,27395.59,23.48,17.65,-3.47,3.23,50.7,0.37,19.53,0.02,579.87,54.64,SC,SUMICHEM,1
https://www.screener.in/company/ITI/,283.4,109.19,,3.04,14.73,27295.92,1.43,-9.13,-39.62,41.7,138.89,,-11.9,0.41,292.79,-139.56,SC,ITI,1
https://www.screener.in/company/CRAFTSMAN/consolidated/,10394.4,3.56,58.05,189.35,7.59,27185.97,13.91,12.49,37.85,102.83,37.1,0.22,14.31,1.11,464.94,40.57,SC,CRAFTSMAN,1
https://www.screener.in/company/RUBICON/consolidated/,1633.75,3.23,109.64,14.95,20.92,27043.78,28.35,26.96,36.57,85.36,65.43,0.25,16.44,0.24,246.74,50.27,SC,RUBICON,1
https://www.screener.in/company/MSUMI/,40.61,31.96,42.94,0.95,12.45,26931.16,38.86,32.36,28.68,4.55,49.33,0.75,40.75,0.11,627.4,71.56,SC,MSUMI,1
https://www.screener.in/company/GUJENERGY/consolidated/,286.5,138.27,13.75,23.69,1.05,26880.33,18.49,15.76,27.32,39.07,22.04,1.15,17.88,0.18,1705.85,72.74,SC,GUJENERGY,1
https://www.screener.in/company/IIFL/consolidated/,631,8.41,12.77,49.44,1.91,26841.57,10.87,12.61,36.06,168.66,13,0.99,13.83,4.97,2255.68,-167.29,SC,IIFL,1
https://www.screener.in/company/REDINGTON/consolidated/,343.25,6.19,14.93,21.76,2.64,26834.43,18.39,16.86,23.2,41.53,12.18,1.13,17.51,0.28,1504.66,9.15,SC,REDINGTON,1
https://www.screener.in/company/ANGELONE/consolidated/,290.7,34.17,25.73,11.34,4.31,26560.89,14.77,15.59,9.09,3.84,20.09,0.61,29.45,1.3,1032.03,-225.78,SC,ANGELONE,1
https://www.screener.in/company/SJVN/consolidated/,66.99,154.52,41.21,1.63,1.85,26325.7,5.57,4.52,60.47,-7.4,38.2,0.11,6.81,2.27,639.01,53.33,SC,SJVN,1
https://www.screener.in/company/ACUTAAS/consolidated/,3204.9,16.7,67.96,47.17,15.85,26238.91,31.56,24.05,40.9,104.3,59.05,0.35,18.21,0.02,387.35,55.97,SC,ACUTAAS,1
https://www.screener.in/company/ACMESOLAR/consolidated/,370.4,7.63,43.99,9.41,4.43,26182.61,8.89,10.38,47.52,45.44,42.77,0.24,4.47,3.93,602.4,55.12,SC,ACMESOLAR,1
https://www.screener.in/company/GABRIEL/consolidated/,1467.35,9.04,72.19,22.9,15.41,26005.84,25.61,20.2,18.71,23.1,40.53,0.28,,0.11,350.87,75.43,SC,GABRIEL,1
https://www.screener.in/company/METROBRAND/consolidated/,952.1,51.37,63.84,14.92,13.01,25950.93,20.18,22.21,15.48,13.72,82.81,0.35,22.22,0.79,412.34,48.68,SC,METROBRAND,1
https://www.screener.in/company/SUNDRMFAST/consolidated/,1229.35,22.5,41.6,29.09,6.05,25832.15,17.6,14.93,10.19,13.8,39.5,0.36,16.13,0.15,613.6,77.6,SC,SUNDRMFAST,1
https://www.screener.in/company/DATAPATTNS/,4579.9,8.21,94.87,47.86,14.77,25640.06,21.92,15.24,33.81,25.98,71.29,0.16,15.38,0,267.93,21.11,SC,DATAPATTNS,1
https://www.screener.in/company/NXST/consolidated/,167.87,14.31,57.75,2.91,1.91,25432.33,5.83,2.69,12.33,-4.84,43.89,0.05,,0.47,440.42,94.76,SC,NXST,1
https://www.screener.in/company/KAYNES/consolidated/,3777.8,107.13,73.12,51.57,5.35,25395.32,13.24,9.64,34.85,9.39,111.72,0.13,10.86,0.19,345.7,-82.15,SC,KAYNES,1
https://www.screener.in/company/FORCEMOT/consolidated/,19140,38.38,22.94,950.08,6.01,25219.37,36.08,29.23,8.44,82,29.9,1.27,16.23,0,1251.98,81.39,SC,FORCEMOT,1
https://www.screener.in/company/ACC/consolidated/,1327.2,114.29,13.14,101.64,1.22,24923.11,11.25,10.86,11.55,-18.63,22.16,0.83,11.78,0.02,1908.81,-40.51,SC,ACC,1
https://www.screener.in/company/AWL/consolidated/,191.75,358.07,21.21,8.89,2.4,24921.36,18.28,10.67,16.72,2.28,44.3,0.5,9.5,0.11,1158.33,154.48,SC,AWL,1
https://www.screener.in/company/NBCC/consolidated/,92.3,51.5,36.42,2.75,8.29,24921,30.95,24.08,3.79,7.53,36.09,0.66,22.73,0,765.44,47.55,SC,NBCC,1
https://www.screener.in/company/AMBER/consolidated/,7047.25,27.34,125.5,50.48,5.68,24854.13,10.25,5.95,22.19,-19.3,91.36,0.05,7.72,0.62,226.46,24.45,SC,AMBER,1
https://www.screener.in/company/GILLETTE/,7600,51.38,37.06,205.02,26.17,24768.38,90.69,66.5,7.96,18.59,57.2,1.79,44.19,0,668.07,62.43,SC,GILLETTE,1
https://www.screener.in/company/BELRISE/,255.9,4.81,51.32,5.38,4.47,24749.41,13.85,12.59,14.17,45.26,30.44,0.25,13.7,0.24,478.4,71.14,SC,BELRISE,1
https://www.screener.in/company/CREDITACC/,1542.2,16.46,20.42,75.6,3.13,24738.67,9.98,10.51,11.86,524.34,25.26,0.51,13.79,3.01,1210.84,-92.3,SC,CREDITACC,1
https://www.screener.in/company/TIMKEN/,3280,46.89,60.28,54.41,8.28,24671.73,18.26,13.69,11.56,-10.12,60.38,0.23,17.57,0,409.24,68.36,SC,TIMKEN,1
https://www.screener.in/company/GODIGIT/,261,56.15,48.98,5.33,5.15,24132.16,13.1,12.17,7.32,6.6,72.23,0.25,5.9,0.08,492.41,310.31,SC,GODIGIT,1
https://www.screener.in/company/KIOCL/,394,61.05,1445.11,0.27,13.8,23945.38,1.38,0.96,3.88,108.1,205.23,0,-0.59,0.11,16.57,120.42,SC,KIOCL,1
https://www.screener.in/company/AFFLE/consolidated/,1675.35,30.53,49.41,33.95,6.47,23602.22,16.84,13.79,19.78,19.21,61.73,0.28,15.78,0,477.78,72.98,SC,AFFLE,1
https://www.screener.in/company/GRINDWELL/consolidated/,2126.2,39.22,53.95,39.41,9.29,23541.28,21.18,16.17,12.94,17.92,61.95,0.3,17.98,0.02,437.66,85.94,SC,GRINDWELL,1
https://www.screener.in/company/KPIL/consolidated/,1373.25,9.21,21.1,66.55,3.04,23451.37,18.28,13.7,14.56,57.31,26.16,0.65,10.78,0.46,1128.57,60.73,SC,KPIL,1
https://www.screener.in/company/DEEPAKNTR/consolidated/,1712.5,85.05,29.49,57.43,4.02,23357.29,11.37,9.82,7.12,30.54,37.74,0.33,17.75,0.28,783.41,52.22,SC,DEEPAKNTR,1
https://www.screener.in/company/SANSERA/,3739,5.32,66.9,52.1,7.61,23332.69,13.65,10.65,23.53,61.41,33.5,0.16,11.82,0.12,324.5,51.58,SC,SANSERA,1
https://www.screener.in/company/TATAELXSI/,3745.05,187.32,33.08,105.09,7.67,23331.47,30,23.58,5.19,-5.4,58.14,0.71,31.81,0.05,654.66,64.33,SC,TATAELXSI,1
https://www.screener.in/company/IRB/consolidated/,19.27,102.8,23.69,0.79,1.11,23274.27,7.48,4.31,-2.2,17.88,31.68,0.18,4.8,0.96,954.14,50.1,SC,IRB,1
https://www.screener.in/company/TDPOWERSYS/consolidated/,1482.3,3.22,84.26,17.6,21.57,23157.75,34.02,24.72,54.29,45.27,38.75,0.29,19.96,0.02,274.99,36.18,SC,TDPOWERSYS,1
https://www.screener.in/company/PFIZER/,4999.55,29.07,29.76,160.7,5.41,22871.81,24.06,18.02,10.69,13.76,34.53,0.61,17.87,0.02,735.15,88.59,SC,PFIZER,1
https://www.screener.in/company/ASAHIINDIA/consolidated/,894.25,20.1,51.06,17.17,5.8,22796.86,11.76,10.71,10.32,37.04,43.03,0.21,14.93,0.56,439.35,52.31,SC,ASAHIINDIA,1
https://www.screener.in/company/MTARTECH/,7334,18.83,164.31,43.76,27.32,22559.06,15.2,12.61,53.38,126.78,91.17,0.08,11.47,0.46,134.6,98.42,SC,MTARTECH,1
https://www.screener.in/company/EMMVEE/consolidated/,322,15.39,17.52,18.98,6.03,22293.54,44.83,51.12,84.07,140.8,3.38,2.92,50.55,0.1,1274.17,11.19,SC,EMMVEE,1
https://www.screener.in/company/URBANCO/consolidated/,144.25,39.47,,-2.2,10.35,22245.94,-7.82,-12.01,39.46,-240.58,31.07,,-12.69,0.06,-333.87,83.07,SC,URBANCO,1
https://www.screener.in/company/CGCL/consolidated/,231.2,25.17,19.73,11.72,3.11,22245,11.67,16.5,50.16,95.19,60.42,0.84,11.7,3.35,1127.64,-281.83,SC,CGCL,1
https://www.screener.in/company/AADHARHFC/consolidated/,506.35,11.19,19.2,26.23,2.94,22144.57,11.38,15.94,17.72,21.54,21.2,0.83,16.59,2.49,1140.96,-99.61,SC,AADHARHFC,1
https://www.screener.in/company/DIACABS/,369.15,2.67,149.63,2.8,,22077.79,24.2,,74.33,324.78,164.73,,,,147.57,-6.01,SC,DIACABS,1
https://www.screener.in/company/ANANTRAJ/consolidated/,612.3,54.81,38.09,16.26,3.83,22035.29,12.07,11.15,16.97,25.67,41.56,0.29,8.32,0.12,580.31,-60.12,SC,ANANTRAJ,1
https://www.screener.in/company/TENNIND/consolidated/,540.3,21.6,35.15,14.89,18.19,21806.69,60.76,44.41,15.45,8.81,36.31,1.26,,0.04,601.52,145.23,SC,TENNIND,1
https://www.screener.in/company/RAMCOCEM/consolidated/,919.45,32.09,113.99,27.29,2.68,21725.92,6.13,0.38,8.58,38.18,64.54,0,4.62,0.48,645.47,109,SC,RAMCOCEM,1
https://www.screener.in/company/CARBORUNIV/consolidated/,1140,61.5,86.62,10.99,5.57,21717.61,10.52,6.92,10.14,-13.89,54.99,0.08,12.22,0.11,187.75,53.69,SC,CARBORUNIV,1
https://www.screener.in/company/IGL/consolidated/,155.1,94.71,14.01,11.07,1.89,21714.02,17.9,14.01,8.31,-6.6,17.15,1,18.36,0.01,1543.51,76.86,SC,IGL,1
https://www.screener.in/company/CEMPRO/consolidated/,1257.7,31.19,35.93,35.02,9.03,21605.72,32.76,27.8,8.91,46.85,26.01,0.77,18.99,0.42,601.58,42.15,SC,CEMPRO,1
https://www.screener.in/company/CESC/consolidated/,162.55,30.85,13.94,11.63,1.73,21547.16,10.63,12.57,9.23,15.97,12.15,0.9,12.3,1.73,1618,86.19,SC,CESC,1
https://www.screener.in/company/CUBEINVIT/consolidated/,159.23,3.62,145.66,1.61,2.2,21401.65,6.44,1.38,28.17,277.74,594.57,0.01,,1.81,216.71,119.51,SC,CUBEINVIT,1
https://www.screener.in/company/AETHER/consolidated/,1610.45,2.33,89.09,17.73,8.68,21375.2,11.92,9.66,34.44,30.35,88.27,0.11,9.87,0.19,235.2,37.02,SC,AETHER,1
https://www.screener.in/company/GRANULES/consolidated/,859.9,5.83,32.77,26.97,4.15,21308.06,15.51,13.75,24.83,36.17,23.9,0.42,15.08,0.3,662.35,65.64,SC,GRANULES,1
https://www.screener.in/company/PFOCUS/consolidated/,273.15,34.45,119.18,1.49,10.17,21272.21,11.5,16.5,29.17,18.87,39.86,0.14,-2.12,2.74,145.19,66.89,SC,PFOCUS,1
https://www.screener.in/company/HATSUN/,954.9,57.66,58.22,16.4,10.92,21270.23,15.28,19.42,17.54,23.28,90.94,0.33,17.32,0.95,365.34,130.76,SC,HATSUN,1
https://www.screener.in/company/CUB/,213.7,14.82,15.11,14.17,2.01,21173.1,6.74,13.2,19.81,20.41,13.03,0.87,12.86,7.92,1402.88,13.8,SC,CUB,1
https://www.screener.in/company/IFCI/consolidated/,77.2,56.99,116,0.65,2.35,20800.08,5.03,2.09,4.81,-44.13,99.97,0.02,-6.06,0.39,432.58,26.98,SC,IFCI,1
https://www.screener.in/company/ATUL/consolidated/,6945,58.03,25.71,270.17,3.28,20447.29,14.9,11.49,15.75,59.14,41.16,0.45,10.51,0.03,810.94,82.37,SC,ATUL,1
https://www.screener.in/company/INDIGRID/consolidated/,178.55,1.35,35.96,6.1,2.79,20320.41,7.99,7.23,50.96,67.88,29.95,0.2,6.9,3.52,569.66,103.66,SC,INDIGRID,1
https://www.screener.in/company/SAGILITY/consolidated/,43.25,33.87,19.69,2.12,2.11,20246.73,13.41,10.58,29.43,54.46,31.42,0.54,5.91,0.11,993.03,64.58,SC,SAGILITY,1
https://www.screener.in/company/LMW/consolidated/,18573.25,3.37,108.6,163.62,6.9,19841.8,5.58,4.05,11.24,75.98,68.23,0.04,9.2,0,174.79,63.92,SC,LMW,1
https://www.screener.in/company/SHRIPISTON/consolidated/,4494.5,2.13,33.94,127.95,6.81,19798.2,20.78,21.36,35.19,11.14,17.44,0.63,21.44,0.68,574.6,63.84,SC,SHRIPISTON,1
https://www.screener.in/company/KAJARIACER/consolidated/,1257,25.59,34.25,34.27,6.51,19752.89,23.27,17.9,8.5,63.87,47.31,0.52,16.01,0.07,547.72,72.23,SC,KAJARIACER,1
https://www.screener.in/company/ASTRAZEN/,7890,35.5,113.7,67.85,22.6,19725.02,29.26,23.29,31.1,-17.96,105.44,0.2,21.6,0.13,169.62,-5.21,SC,ASTRAZEN,1
https://www.screener.in/company/CHENNPETRO/consolidated/,1316.6,10.06,4.67,280.3,1.76,19605.7,34.94,31.85,33.51,2379.87,4.65,6.82,33.29,0.18,4173.98,60.45,SC,CHENNPETRO,1
https://www.screener.in/company/SUNTV/consolidated/,497.5,120.66,12.41,38.8,1.6,19605.69,16.51,12.3,12.66,-7.84,12.98,0.99,16.94,0.01,1530.43,65.55,SC,SUNTV,1
https://www.screener.in/company/id/1286088/consolidated/,,,47.34,21.05,,19482.41,24.36,24.01,31.35,16.26,,0.51,,0.38,396.84,46.27,SC,id,1
https://www.screener.in/company/AARTIIND/consolidated/,534.1,98.62,37.12,14.64,3.22,19373.22,6.85,7.13,26.99,122.25,41.51,0.19,11.54,0.83,531,66.13,SC,AARTIIND,1
https://www.screener.in/company/FSL/consolidated/,273.35,54.67,24.19,9.49,4.41,19326.63,16.8,17.63,19.71,28.4,24.84,0.73,16.24,0.67,671,75.5,SC,FSL,1
https://www.screener.in/company/HBLENGINE/consolidated/,696.6,61.07,24.05,28.16,8.71,19309.4,58.45,45.34,62.97,133.59,39.51,1.89,26.61,0.03,780.23,63.01,SC,HBLENGINE,1
https://www.screener.in/company/PINELABS/consolidated/,167.3,69.75,149.16,1.19,3.27,19304.02,4.16,2.46,19.59,261.55,147.19,0.02,-3.73,0.07,127.29,79.9,SC,PINELABS,1
https://www.screener.in/company/CAMS/,776.3,38.28,42.48,18.31,15.94,19275.35,48.27,36.96,5.19,2.12,43.7,0.87,41.42,0.04,453.72,87.67,SC,CAMS,1
https://www.screener.in/company/BRIGADE/consolidated/,590.2,84.65,29.5,19.76,2.83,19250.13,10.54,10.47,12.28,-4.13,53.67,0.35,11.32,0.93,724.76,-8.34,SC,BRIGADE,1
https://www.screener.in/company/FINCABLES/consolidated/,1253,35.67,23.92,52.32,3.19,19163.28,16.01,12.33,26.53,29.17,20.71,0.52,13.5,0,800.14,4.96,SC,FINCABLES,1
https://www.screener.in/company/JYOTICNC/consolidated/,841.9,78.68,59.52,14.15,9.59,19146.78,21.32,18.22,17.44,-4.4,73.43,0.31,17.46,0.43,321.72,9.26,SC,JYOTICNC,1
https://www.screener.in/company/HAPPYFORGE/consolidated/,2019.1,1.04,58.19,34.7,8.98,19055.98,18.03,15.03,15.53,21.6,39.81,0.26,17.52,0.15,327.4,89.29,SC,HAPPYFORGE,1
https://www.screener.in/company/GMDCLTD/consolidated/,597.3,29.23,33.3,30.07,2.67,18994.14,10.8,8.34,2.25,-14.3,13.76,0.25,12.16,0.04,956.33,85.79,SC,GMDCLTD,1
https://www.screener.in/company/SARDAEN/consolidated/,536.4,19.3,16.89,32.06,2.59,18901.71,17.39,16.09,5.9,19.96,14.82,0.95,17.31,0.36,1150.93,85.69,SC,SARDAEN,1
https://www.screener.in/company/CAPLIPOINT/consolidated/,2479.9,8.88,28.34,87.53,5.23,18850.14,24.63,20.62,15.01,17.73,22.85,0.73,23.21,0,678.06,59.7,SC,CAPLIPOINT,1
https://www.screener.in/company/TRITURBINE/consolidated/,592.25,49.43,54.27,10.58,13.01,18827.33,35.86,27.14,17.7,1.6,55.21,0.5,25.4,0.02,336.1,21.12,SC,TRITURBINE,1
https://www.screener.in/company/EIHOTEL/consolidated/,300.55,88.32,25.91,11.38,3.6,18795.33,20.67,14.48,8.34,-7.56,36.03,0.56,12.23,0.05,740.72,79.74,SC,EIHOTEL,1
https://www.screener.in/company/ERIS/consolidated/,1355.45,40.91,28.64,46.75,4.82,18784.27,14.14,18.7,9.59,69.36,30.83,0.65,17.56,0.6,665.72,47.7,SC,ERIS,1
https://www.screener.in/company/POLYMED/consolidated/,1847,81.8,58.51,31.09,6.01,18721.44,14.04,11.15,18.31,-10.5,59.77,0.19,14.33,0.11,312.93,43.37,SC,POLYMED,1
https://www.screener.in/company/CASTROLIND/,188.45,50.92,17.27,10.74,9.76,18640.03,60.27,45.86,11.84,12.79,18.59,2.66,44.84,0.03,1062.35,77.66,SC,CASTROLIND,1
https://www.screener.in/company/SAMMAANCAP/consolidated/,160,702.23,,-61.66,0.99,18584.72,4.92,-3.18,-5.87,63.97,9.33,,1.15,2.73,-7144.56,-218.2,SC,SAMMAANCAP,1
https://www.screener.in/company/TRAVELFOOD/consolidated/,1403.4,4.81,41.94,33.49,12.76,18479.88,42.37,35.34,-2.37,21.67,40.38,0.84,33.03,0.17,452.32,48.53,SC,TRAVELFOOD,1
https://www.screener.in/company/OLAELEC/consolidated/,39.88,295.01,,-3.91,5.24,18458.09,-19.56,-43.16,-49.16,26.13,,,,0.82,-1741,101.31,SC,OLAELEC,1
https://www.screener.in/company/DEEPAKFERT/consolidated/,1461.85,21.67,18.76,77.96,2.7,18454.07,11.42,10.9,13.63,0.3,13.22,0.58,15.23,0.83,984.94,11.66,SC,DEEPAKFERT,1
https://www.screener.in/company/BAYERCROP/,4087.5,76.07,25.11,162.9,6.21,18370.08,29.14,23.7,-2.79,23.56,35.34,0.94,23.95,0.03,732.1,111.33,SC,BAYERCROP,1
https://www.screener.in/company/CHOICEIN/consolidated/,820.15,4.92,80.16,10.44,10.92,18271.03,17.96,16.13,26.47,32.48,58.05,0.2,17.78,0.54,250.53,-62.77,SC,CHOICEIN,1
https://www.screener.in/company/ELGIEQUIP/consolidated/,575.75,38.78,46.87,13.57,8.18,18246.03,22.07,19,12.54,12.04,51.06,0.41,20.17,0.24,430.2,68.67,SC,ELGIEQUIP,1
https://www.screener.in/company/GESHIP/consolidated/,1270.9,41.47,4.86,262.45,1.07,18144.31,15.79,15.93,23.87,126.09,7.24,3.28,17.01,0.06,3746.86,79.05,SC,GESHIP,1
https://www.screener.in/company/CHALET/consolidated/,823.8,31.34,33.69,24.13,4.86,18040.73,17.07,19.15,6.05,87.78,71.02,0.57,11.07,0.64,528.03,86.73,SC,CHALET,1
https://www.screener.in/company/ONESOURCE/consolidated/,1573,43.02,,-4.24,3.11,18038.04,0.57,-1.09,4.29,-141.74,445.22,,-9.82,0.26,-48.61,2.67,SC,ONESOURCE,1
https://www.screener.in/company/CHAMBLFERT/consolidated/,446.05,66.45,9.26,48.12,1.69,17871.09,25.17,19.95,15.58,10.17,11.09,2.15,19.32,0.1,1927.98,4.75,SC,CHAMBLFERT,1
https://www.screener.in/company/JSWCEMENT/consolidated/,130.25,24.53,27.19,-5.55,2.72,17757.81,11.07,14.67,12.38,664.44,45.62,0.54,7.52,0.68,-798.78,82.11,SC,JSWCEMENT,1
https://www.screener.in/company/ABDL/consolidated/,633.5,13.65,79.47,7.9,10.65,17719.6,18.38,14.29,7.97,-7.15,73.84,0.18,11.36,0.69,209.7,63.88,SC,ABDL,1
https://www.screener.in/company/ARE&M/,963.3,84.36,22.5,53.5,2.15,17630.82,13.43,8.26,12.81,-6.15,17.92,0.37,11.73,0.05,979.22,82.02,SC,ARE&M,1
https://www.screener.in/company/BASF/,4067,115.15,28.45,145.97,4.42,17604.26,14.54,10.74,8.41,49.95,33.78,0.38,16.13,0.03,631.82,-14,SC,BASF,1
https://www.screener.in/company/MINDACORP/consolidated/,731.4,2.65,49.14,15.07,6.6,17486.28,12.67,14.71,22.33,41.94,41.81,0.3,14.33,0.56,358.3,92.19,SC,MINDACORP,1
https://www.screener.in/company/INOXINDIA/consolidated/,1924.45,10.15,67.94,28.08,15.62,17466.97,33.48,26.13,19.94,12.26,51.18,0.38,28.9,0.07,254.85,30.08,SC,INOXINDIA,1
https://www.screener.in/company/ECLERX/consolidated/,1856,34.56,23.93,77.23,6.83,17455.8,34.81,29.02,23.2,27.61,22.85,1.21,26.58,0.15,729.16,75.78,SC,ECLERX,1
https://www.screener.in/company/TBOTEK/consolidated/,1607.5,24.48,64.89,24.38,11.26,17455.49,18.33,17.37,68.93,25.18,74.72,0.27,25.78,0.49,264.7,-4.86,SC,TBOTEK,1
https://www.screener.in/company/VERTIS/consolidated/,115,8.7,19.87,5.5,2.71,17364.82,11.03,9.53,62.18,76.84,24.05,0.48,10.31,1.8,872.46,113.13,SC,VERTIS,1
https://www.screener.in/company/CMPDI/,242.95,16.77,26.52,8.59,7.61,17346.63,38.06,28.35,10.17,-8.07,0.05,1.07,31.8,0,613.18,83.46,SC,CMPDI,1
https://www.screener.in/company/J&KBANK/consolidated/,157.5,28.25,7.52,20.92,1.02,17343.65,5.84,15.37,4.78,7.26,5.38,2.04,14.07,10.46,2303.77,-11,SC,J&KBANK,1
https://www.screener.in/company/PGEL/consolidated/,604.85,74.42,84.17,7.21,5.67,17325.19,10.31,6.69,15.15,-24.08,57.63,0.08,11.85,0.2,205.8,14.99,SC,PGEL,1
https://www.screener.in/company/EMAMILTD/consolidated/,396.85,116.71,22.89,17.14,5.93,17322.47,28.09,26.17,2.82,-7.41,30.86,1.14,30.68,0.06,749.94,79.95,SC,EMAMILTD,1
https://www.screener.in/company/TATACHEM/consolidated/,675.9,99.69,,-84.97,0.81,17219.24,3.42,1.27,2.04,-192.92,34.12,,4.55,0.38,-1971,57.09,SC,TATACHEM,1
https://www.screener.in/company/COHANCE/consolidated/,450,202.22,159.88,2.78,4.39,17215.48,8.35,7.04,-19.79,-77.48,36.45,0.04,15.75,0.1,58.53,79.88,SC,COHANCE,1
https://www.screener.in/company/DEVYANI/consolidated/,139.6,63.14,,-0.22,11.16,17211.85,4.75,-1.56,14.72,31.4,114.98,,7.31,2.49,-27.66,101.28,SC,DEVYANI,1
https://www.screener.in/company/CENTURYPLY/consolidated/,774.05,21.26,58,13.1,6.58,17197.32,11.45,10.78,23.39,46.31,47.08,0.19,14.98,0.68,298.72,69.18,SC,CENTURYPLY,1
https://www.screener.in/company/VTL/consolidated/,592.85,16.05,20.25,29.31,1.64,17161.59,8.86,7.3,3.29,-0.47,15.42,0.36,10.41,0.18,860.08,73.28,SC,VTL,1
https://www.screener.in/company/AZAD/consolidated/,2657,0.07,123.43,21.52,11.19,17159.38,11.92,9.09,28.72,39.1,99.94,0.07,9.89,0.31,139.29,-43.91,SC,AZAD,1
https://www.screener.in/company/JINDALSAW/consolidated/,267.7,43.39,26.21,10.22,1.35,17119.63,10.43,8.2,-8.57,-62.04,10.11,0.31,11.77,0.37,600.65,75.71,SC,JINDALSAW,1
https://www.screener.in/company/GRWRHITECH/consolidated/,7346.35,8.76,43.98,166.95,6.41,17067.35,18.02,13.45,6.02,19.02,20.62,0.31,11.79,0.01,387.86,55.12,SC,GRWRHITECH,1
https://www.screener.in/company/THELEELA/consolidated/,509.8,3.37,37.98,13.27,2.67,17025.15,8.72,8.2,19.1,240.9,38.36,0.22,,0.28,443.09,95.81,SC,THELEELA,1
https://www.screener.in/company/NATCOPHARM/consolidated/,947,73.07,11.97,79.2,1.82,16961.69,17.14,16.86,-7.93,-24.72,15.56,1.41,18.9,0.08,1418.5,101.97,SC,NATCOPHARM,1
https://www.screener.in/company/KANSAINER/consolidated/,209.25,116.65,26.25,7.42,2.52,16923.7,11.99,8.82,5.24,0.93,38.56,0.34,10.27,0.05,588.66,85.24,SC,KANSAINER,1
https://www.screener.in/company/504375/consolidated/,625.25,3,,-15.33,,16916.34,,,,-1204.55,,,,,-0.23,100.72,SC,504375,1
https://www.screener.in/company/PSB/,23.8,528.99,12.2,1.95,1.15,16887.48,5.95,9.62,4.64,25.45,18.13,0.79,7.63,11.21,1384.28,-18.74,SC,PSB,1
https://www.screener.in/company/ALIVUS/,1373,3.28,27.12,49.14,5.04,16856.53,24.98,18.99,7.93,25.42,18.43,0.7,21.28,0.02,603.03,65.92,SC,ALIVUS,1
https://www.screener.in/company/KPITTECH/consolidated/,612.1,215.1,26.86,21.25,4.76,16780.35,26.26,20.93,9.55,-22.64,58.26,0.78,26.24,0.24,581.88,91.61,SC,KPITTECH,1
https://www.screener.in/company/NAVA/consolidated/,592.4,24.81,21.98,27.8,1.92,16780.05,12.8,9.33,7.72,-30.06,7.69,0.42,14.9,0.25,1038.52,122.89,SC,NAVA,1
https://www.screener.in/company/ZENTEC/consolidated/,1842.55,42.63,91.54,19.95,8.8,16636.43,16.18,10.72,-23.5,-27.66,75.8,0.12,16.93,0.01,196.71,74.04,SC,ZENTEC,1
https://www.screener.in/company/AEQUS/consolidated/,246.7,11.31,,-2.57,11.12,16545.29,1.55,-9.99,33.08,-74.22,,,,0.47,-170.22,-59.42,SC,AEQUS,1
https://www.screener.in/company/APLLTD/consolidated/,834.05,56.33,21.95,35.28,2.89,16394.33,12.64,13.45,14.12,25.81,29.91,0.61,11.09,0.25,689.55,66.62,SC,APLLTD,1
https://www.screener.in/company/THANGAMAYL/,5257.8,41.31,41.6,125.81,11.56,16342.32,25.49,28.07,83.21,264.16,38.13,0.67,22.54,0.64,391.04,55.66,SC,THANGAMAYL,1
https://www.screener.in/company/544467/consolidated/,812.2,75.45,41.84,19.42,6.81,16244,23.22,17.36,24.35,9.4,52.1,0.41,17.52,0.01,388.69,127.34,SC,544467,1
https://www.screener.in/company/RATNAMANI/consolidated/,2317,71.71,36.99,61.76,3.95,16240.31,17.91,12.63,-16.31,-23.11,35.35,0.34,16.93,0.08,514.34,106.46,SC,RATNAMANI,1
https://www.screener.in/company/SYNGENE/consolidated/,402.25,138.81,54.83,5.49,3.37,16237.6,9.99,7.78,-3.41,-41.61,56.38,0.14,11.26,0.09,221,93.14,SC,SYNGENE,1
https://www.screener.in/company/GPIL/consolidated/,240.35,33.14,19.77,12.02,2.81,16177.9,20.37,15.2,8.43,10.67,12.5,0.77,23.08,0.08,807.69,85.52,SC,GPIL,1
https://www.screener.in/company/ZYDUSWELL/consolidated/,506.5,20.8,72.76,5.92,2.75,16114.83,4.91,3.98,66.27,-31.18,35.86,0.05,5.6,0.55,188.2,44.19,SC,ZYDUSWELL,1
https://www.screener.in/company/ABREL/consolidated/,1438.05,118.49,,-9.24,4.31,16062.37,-4.48,-2.64,-66.59,-3.9,115.19,,1.11,1.52,-114.82,-219.41,SC,ABREL,1
https://www.screener.in/company/ASTRAMICRO/consolidated/,1685.2,16.31,84.66,19.91,12.18,16000.15,20.25,15.99,4.02,16.28,57.55,0.19,13.48,0.22,189.04,107.41,SC,ASTRAMICRO,1
https://www.screener.in/company/WELSPUNLIV/consolidated/,166.5,27.99,73.3,2.13,3.24,15969.88,6.25,4.47,-10.87,-65.85,22.68,0.06,10.75,0.47,212.89,136.31,SC,WELSPUNLIV,1
https://www.screener.in/company/AGARWALEYE/consolidated/,503.6,12.79,108.07,4.69,7.87,15965.44,11.12,6.81,22.94,43.47,185.87,0.06,7.88,0.53,185.1,84.52,SC,AGARWALEYE,1
https://www.screener.in/company/KFINTECH/consolidated/,922.7,77.89,45.51,19.81,9.52,15946.84,29.19,21.61,22.77,2.51,50.77,0.47,24.27,0.03,341.66,67.11,SC,KFINTECH,1
https://www.screener.in/company/BEML/consolidated/,1911.3,43.6,89.2,21.43,5.42,15919.02,7.71,4.86,12.78,-40.29,52.92,0.05,7.69,0.11,178.46,36,SC,BEML,1
https://www.screener.in/company/BHARATCOAL/,34.14,32.43,,-0.25,2.77,15898.99,4.05,1.91,-14.28,-90.54,0.15,,15.77,0.39,-116.68,-82.64,SC,BHARATCOAL,1
https://www.screener.in/company/CROMPTON/,246.1,108.37,34.9,-3.54,4.96,15846.75,18.98,10.33,7.4,-14.47,39.86,0.3,16.69,0.06,-228.14,78.84,SC,CROMPTON,1
https://www.screener.in/company/HONASA/consolidated/,485.35,12.7,77.74,6.15,11.14,15823.57,19.22,15.71,15.72,180.13,96.22,0.2,,0.1,200.2,44.23,SC,HONASA,1
https://www.screener.in/company/SHAILY/,3435.85,5.22,88.86,38.68,24.31,15803.29,30.17,28.16,22.25,83.13,60.82,0.32,15.83,0.27,177.82,79.25,SC,SHAILY,1
https://www.screener.in/company/DCMSHRIRAM/consolidated/,1013.4,48.24,11.53,91.88,2.06,15803.19,11.51,11.5,11.05,121.91,23.1,1,12,0.38,1435.6,74.13,SC,DCMSHRIRAM,1
https://www.screener.in/company/FIVESTAR/,535.35,76.29,14.31,37.44,2.17,15802.91,14.79,16.06,9.84,1.53,23.9,1.12,16.66,1.11,1103.85,-11.79,SC,FIVESTAR,1
https://www.screener.in/company/FINEORG/consolidated/,5135,42.72,35.94,142.89,5.89,15743.89,21.47,16.46,7.09,7.08,34.68,0.46,25.06,0.03,438.1,72.02,SC,FINEORG,1
https://www.screener.in/company/CIEINDIA/consolidated/,411.9,52.57,17.44,23.81,2.02,15625.94,14.74,11.8,12.5,14.53,21.24,0.68,10.65,0.07,903.24,85.82,SC,CIEINDIA,1
https://www.screener.in/company/MAHSCOOTER/,13650,35.81,56.01,243.7,0.56,15600,1.06,1.06,41.01,43.69,44.51,0.02,0.83,0,278.52,86.41,SC,MAHSCOOTER,1
https://www.screener.in/company/NIVABUPA/,84.34,29.72,89.51,0.94,4.12,15596.46,3.15,3.46,27.91,-42.64,90,0.04,2.53,0.07,174.25,556.91,SC,NIVABUPA,1
https://www.screener.in/company/SHILPAMED/consolidated/,796.65,3.61,54.78,15.2,6.04,15581.01,11.03,9.4,27.95,116.95,86.68,0.17,3.83,0.25,297.32,74.12,SC,SHILPAMED,1
https://www.screener.in/company/BIKAJI/,619.85,62.61,56.05,10.79,9.3,15541.91,21.99,17.85,10.54,29.33,74.5,0.32,17.51,0.13,270.48,64.32,SC,BIKAJI,1
https://www.screener.in/company/VISL/consolidated/,39.74,12.68,,-288200,,15539.89,,,,,,,,,-2935,,SC,VISL,1
https://www.screener.in/company/VIJAYA/consolidated/,1504.95,1.63,82.69,18.24,16.18,15500.6,21.29,19.74,20.18,23.76,60.79,0.24,19.56,0.44,187.49,75.64,SC,VIJAYA,1
https://www.screener.in/company/KIRLOSBROS/consolidated/,1940.65,38.34,38.07,47.02,6.26,15410.47,20.35,17.3,5.04,-4.23,28.18,0.45,17.98,0.1,377.3,54.81,SC,KIRLOSBROS,1
https://www.screener.in/company/PARADEEP/consolidated/,147.55,58.85,14.08,11.22,2.25,15318.2,17.13,18.89,28.08,13.95,16.62,1.34,13.58,1.02,1072.14,-44.03,SC,PARADEEP,1
https://www.screener.in/company/CCL/consolidated/,1135,9.44,35.02,32.39,6.47,15155.43,15.82,18,35.83,38.94,31.35,0.51,17.73,0.56,432.54,115.77,SC,CCL,1
https://www.screener.in/company/ARVIND/consolidated/,555.65,7.98,34.48,15.8,3.59,15115.97,13.84,10.88,15.21,19.39,21.95,0.32,9.99,0.41,430.04,81.23,SC,ARVIND,1
https://www.screener.in/company/CONCORDBIO/,1439,85.13,52.96,26.95,7.49,15054.26,17.43,12.57,-6.45,-20.42,51.47,0.24,17.81,0,281.89,64.55,SC,CONCORDBIO,1
https://www.screener.in/company/USHAMART/consolidated/,494,6.78,27.64,16.64,4.53,15054.21,19.47,15.1,8.54,34.83,24.02,0.55,16.95,0.07,507.54,85.26,SC,USHAMART,1
https://www.screener.in/company/JBMA/consolidated/,636.35,90.8,65.43,9.48,9.8,15049.31,14.78,15.55,12.46,12.06,72.46,0.24,15.78,1.97,243.29,-7.37,SC,JBMA,1
https://www.screener.in/company/VOGL/consolidated/,38.45,23.98,69.96,-208.85,,15035.45,,,,,,,,,-493,,SC,VOGL,1
https://www.screener.in/company/IGIL/consolidated/,346.85,85.18,24.57,14.11,10.08,14989.47,69.25,55.81,21.59,24.26,28.34,2.27,,0.1,609.68,60.09,SC,IGIL,1
https://www.screener.in/company/CEATLTD/consolidated/,3700,19.95,23.49,145.79,2.96,14966.55,19.15,16.14,21.49,38.53,22.97,0.69,11.58,0.65,589.11,84.29,SC,CEATLTD,1
https://www.screener.in/company/CLEANMAX/consolidated/,1269.8,20.96,95.1,14.05,3.22,14916.48,6.16,1.76,27.89,120.98,153.72,0.02,1.12,2.73,157.36,134.31,SC,CLEANMAX,1
https://www.screener.in/company/RAINBOW/consolidated/,1465,16.7,51.96,28.1,9,14879.54,17.35,15.9,18.3,11.29,53.45,0.31,19.28,0.54,290.28,74.1,SC,RAINBOW,1
https://www.screener.in/company/VGUARD/consolidated/,339,70.34,38.97,8.35,6.23,14811.41,18.38,14.39,13.36,31.69,50.42,0.37,14.9,0.07,364.73,83.95,SC,VGUARD,1
https://www.screener.in/company/BBOX/consolidated/,832,32.73,51.71,12.99,11.49,14776.24,22.2,26.84,12.2,4.15,34.24,0.52,32.89,0.9,226.01,14.58,SC,BBOX,1
https://www.screener.in/company/SHADOWFAX/,251.6,3.95,85.68,3.75,8.38,14757.89,9.66,10.72,65.38,1751.77,111.19,0.13,-11.45,0.13,172.23,141.59,SC,SHADOWFAX,1
https://www.screener.in/company/LTFOODS/consolidated/,422.35,22.78,22.89,18.44,3.24,14666.25,17.74,14.94,28.19,3.17,13.1,0.65,16.62,0.36,640.32,73.3,SC,LTFOODS,1
https://www.screener.in/company/GRAPHITE/consolidated/,743,51.68,66.27,10.9,2.48,14516.38,4.58,3.11,21.31,-38.97,30.48,0.05,5.39,0.06,209,21.95,SC,GRAPHITE,1
https://www.screener.in/company/JNPR/consolidated/,253.7,4.91,987.37,0.83,,14435.56,3.3,0.43,41.33,-46.37,843,0,1.03,4.02,40.46,69.71,SC,JNPR,1
https://www.screener.in/company/VEDPOWER/consolidated/,36.81,42.6,23.44,-5.26,,14394.17,,,,,17.82,,,,-1686,,SC,VEDPOWER,1
https://www.screener.in/company/GALLANTT/consolidated/,594.1,59.57,32.88,18.06,4.33,14334.5,18.23,15.73,4.13,-3.72,22.02,0.48,12.26,0.17,435.84,77.61,SC,GALLANTT,1
https://www.screener.in/company/SOBHA/consolidated/,1340.2,62.54,62.12,21.57,3.03,14331.14,6.86,4.16,32.15,125.55,97.05,0.07,3.78,0.22,230.65,85.74,SC,SOBHA,1
https://www.screener.in/company/VINATIORGA/,1380,72.25,28.69,48.09,4.46,14305.86,21.33,16.2,5.21,12.79,49.56,0.56,16.99,0,498.56,84.81,SC,VINATIORGA,1
https://www.screener.in/company/JSWDULUX/consolidated/,3138.7,48.92,37.24,430.94,5.82,14293.75,22.73,19.1,-11.5,-5.42,33.77,0.51,25.94,0.03,1962.5,17.88,SC,JSWDULUX,1
https://www.screener.in/company/APOLLO/consolidated/,384,21.54,117.63,3.42,10.43,14269.4,14.47,11.76,69.08,82.52,66.21,0.1,8.94,0.41,114.91,-57.82,SC,APOLLO,1
https://www.screener.in/company/AMAGI/consolidated/,656.65,6.45,198.22,3.31,8.1,14205.88,8,10.3,29.5,204.31,162.99,0.05,,0.02,71.67,-8.04,SC,AMAGI,1
https://www.screener.in/company/JUBLPHARMA/consolidated/,890.95,47.02,36.56,22.1,2.01,14192.84,8.99,6.53,16.27,-20.14,36.63,0.18,3.27,0.51,351.4,92.55,SC,JUBLPHARMA,1
https://www.screener.in/company/MARKSANS/consolidated/,311.15,15.28,27.28,11.4,4.66,14100.17,18.8,15.17,19.59,47.58,21.57,0.56,16.54,0.11,521.27,67.16,SC,MARKSANS,1
https://www.screener.in/company/FRACTAL/consolidated/,817,37.04,42.33,21.1,4.41,14049.54,12.59,12.17,19.32,69.21,37.53,0.29,1.12,0.13,321.4,81.65,SC,FRACTAL,1
https://www.screener.in/company/UJJIVANSFB/,71.79,2.09,15.49,4.67,2.04,13988.54,7.73,10.75,14.72,71.5,8.79,0.69,14.6,7.25,905.95,44.77,SC,UJJIVANSFB,1
https://www.screener.in/company/PRUDENT/consolidated/,3369.55,11.03,56.94,59.18,15.8,13952.2,37.48,28.65,19.45,20.57,45.66,0.5,33.39,0.04,245.04,64.93,SC,PRUDENT,1
https://www.screener.in/company/CANHLIFE/,146.8,13.55,106.2,1.38,8.52,13946,8.35,8.11,9.07,7.91,107.1,0.08,6.53,0.15,131.33,2195.4,SC,CANHLIFE,1
https://www.screener.in/company/SCI/consolidated/,299.25,28.59,8.58,34.74,1.55,13939.07,14.31,15.54,16.69,78.54,8.6,1.81,11.23,0.29,1618.07,50.5,SC,SCI,1
https://www.screener.in/company/PRIVISCL/consolidated/,3563.3,6.23,39.79,89.47,9.86,13919.2,22.3,26.01,21.63,60.8,55.84,0.65,15.22,0.72,342.01,82.06,SC,PRIVISCL,1
https://www.screener.in/company/EIDPARRY/consolidated/,779.65,59.92,17.09,26.13,1.59,13874.33,16.96,7.85,15.65,-9.58,13.78,0.46,12,0.4,1227.49,42.2,SC,EIDPARRY,1
https://www.screener.in/company/KSB/consolidated/,797,33,52.93,14.11,8.18,13870.92,24.7,18.39,4.63,2.04,49.44,0.35,17.35,0,245.5,20.56,SC,KSB,1
https://www.screener.in/company/VENTIVE/consolidated/,593.65,42.3,28.6,20.53,2.52,13864.2,10.81,8.35,24.99,295.16,55.81,0.29,,0.47,588.16,73.12,SC,VENTIVE,1
https://www.screener.in/company/INDGN/consolidated/,570.85,29.04,33.04,16.66,4.39,13752.48,18.82,14.41,30.41,-4.39,32.58,0.44,21.36,0.05,400.9,94.2,SC,INDGN,1
https://www.screener.in/company/LUMAXTECH/consolidated/,2016.7,4.63,41.46,47.55,11.36,13745.35,21.19,26.43,33.28,76.83,25.34,0.64,19.78,1.02,381.79,65.87,SC,LUMAXTECH,1
https://www.screener.in/company/TI/consolidated/,553.1,0.16,60.57,-1.06,4.59,13687.8,11.78,13.09,100.02,-18.7,36.92,0.22,19.99,0.77,-36.05,-99.84,SC,TI,1
https://www.screener.in/company/BLUESTONE/consolidated/,895,2.8,242.71,3.71,7.58,13671.07,7.07,1.1,40.02,128.59,217.95,0,,0.94,53.89,-45.92,SC,BLUESTONE,1
https://www.screener.in/company/SPLPETRO/,727,35.03,27.88,25.67,5.76,13670.62,18.79,14.11,-3.29,40.25,27.4,0.51,22.97,0.05,482.72,44.99,SC,SPLPETRO,1
https://www.screener.in/company/SEDEMAC/,3091.5,2.13,113.96,23.45,30.38,13655.3,35.69,27.53,60.76,120.81,92.94,0.24,18.02,0.16,103.58,57.61,SC,SEDEMAC,1
https://www.screener.in/company/DOMS/consolidated/,2246,38.69,62.7,35.82,11.18,13630.58,24.33,20.71,19.94,4.63,72.6,0.33,22.24,0.12,225.75,60.39,SC,DOMS,1
https://www.screener.in/company/LLOYDSENGG/consolidated/,91.94,8.53,60.73,1.74,7.68,13582.04,16.1,15.1,53.85,69.76,56.9,0.25,,0.06,235.77,-111.59,SC,LLOYDSENGG,1
https://www.screener.in/company/TMB/,855.9,7.14,9.39,91.2,1.28,13553.3,7.51,13.99,12.96,20.33,6.89,1.49,14.89,6.24,1444.17,-1.94,SC,TMB,1
https://www.screener.in/company/RKFORGE/consolidated/,741.95,43.41,117.59,5.88,4.09,13516.1,5.6,2.51,8.55,-60.43,37.6,0.02,12.04,0.74,106.89,131.58,SC,RKFORGE,1
https://www.screener.in/company/NAZARA/consolidated/,351.65,19.3,,-1.42,3.76,13496.19,27.23,30.49,-6.07,-267.34,97.2,,12.73,0.06,-51.86,12.24,SC,NAZARA,1
https://www.screener.in/company/GRAVITA/consolidated/,1823.6,48.06,34.35,53.1,5.49,13459.7,17.02,16.76,17.48,15.85,29.22,0.49,24.27,0.3,391.64,33.07,SC,GRAVITA,1
https://www.screener.in/company/SKFINDUS/,2684.9,13.26,34.53,76956.46,8.97,13273.6,29.89,26.65,377.42,206.22,0.01,0.77,,0,207.73,36.49,SC,SKFINDUS,1
https://www.screener.in/company/CARTRADE/consolidated/,2722,20.92,55.44,48.37,5.23,13204.99,11.84,9.69,19.97,53.38,58.08,0.17,2.62,0.06,253.2,73.95,SC,CARTRADE,1
https://www.screener.in/company/HEG/consolidated/,680.3,45.67,37.06,18.6,2.77,13128.27,8.35,7.42,20.2,80.07,27.44,0.2,8.18,0.17,358.87,32.52,SC,HEG,1
https://www.screener.in/company/VARROC/consolidated/,856.75,37.58,45.85,12.91,7.35,13089.98,18.98,15.13,14.66,51.42,39.92,0.33,-12.52,0.52,200.11,63.16,SC,VARROC,1
https://www.screener.in/company/BALRAMCHIN/consolidated/,615.75,12.52,35.09,18.28,3,13021.09,9.28,9.54,14.99,-11.31,22.33,0.27,12.04,0.77,371.04,73.6,SC,BALRAMCHIN,1
https://www.screener.in/company/AVALON/consolidated/,1944.35,3.07,97.23,20.01,17.99,12990.55,19.54,16.94,44.38,67.08,79,0.17,13.71,0.3,133.6,28.28,SC,AVALON,1
https://www.screener.in/company/E2E/,631.85,4.04,416.83,1.5,7.7,12988.63,-0.51,-0.95,130.7,-9.71,85.25,0,2.69,0.09,31.16,76.16,SC,E2E,1
https://www.screener.in/company/CORONA/,2123.3,6.91,61.34,32.46,17.42,12986.12,33.29,29.53,18.16,27.94,55.38,0.48,22.25,0.22,198.55,75.33,SC,CORONA,1
https://www.screener.in/company/JSWHL/,11645,138.39,103.29,111.17,0.4,12925.95,0.53,0.4,-26.69,-29.06,62.6,0,0.73,0,123.39,84.52,SC,JSWHL,1
https://www.screener.in/company/SWANDEF/consolidated/,2450,13.06,,-44.96,185.33,12907.13,-7.55,-123.73,4092.35,-49.74,,,,40.03,-236.88,-121.11,SC,SWANDEF,1
https://www.screener.in/company/ASKAUTOLTD/consolidated/,653,5.31,40.69,16.05,9.82,12873.4,25.42,25.13,27.91,23.18,38.35,0.62,22.49,0.52,316.38,54.56,SC,ASKAUTOLTD,1
https://www.screener.in/company/ACE/consolidated/,1079.7,56.99,29.43,36.69,6.39,12857.4,31.7,22.9,5.21,3.34,30.39,0.78,24.43,0,436.87,67.96,SC,ACE,1
https://www.screener.in/company/MANYAVAR/,526.35,187.26,33.13,15.88,6.53,12789.15,23.55,20.03,1.95,-2.61,70.6,0.6,25.32,0.23,385.89,66.7,SC,MANYAVAR,1
https://www.screener.in/company/INOXWIND/consolidated/,73.96,249.34,37.12,1.99,2,12782.02,10.48,7.09,17.08,-22.34,57.47,0.19,-2.07,0.25,417.04,-56.25,SC,INOXWIND,1
https://www.screener.in/company/APTUS/consolidated/,255,57.53,12.99,19.66,2.52,12770.86,15.41,20.11,21.14,23.27,25.01,1.55,17.8,1.56,984.63,-26.1,SC,APTUS,1
https://www.screener.in/company/SUDEEPPHRM/consolidated/,1125.05,3.04,69.58,16.83,14.38,12707.29,28.18,25.17,23.56,19.8,41.82,0.36,32.21,0.17,183.61,27.67,SC,SUDEEPPHRM,1
https://www.screener.in/company/TRIDENT/consolidated/,24.8,185.89,31.95,0.78,2.65,12637.99,9.79,7.91,-2.45,-9.37,36.32,0.25,11.24,0.38,395.24,80.3,SC,TRIDENT,1
https://www.screener.in/company/JMFINANCIL/consolidated/,132,51.36,11.95,10.87,1.18,12631.86,11.63,11.94,-5.25,-4.38,11.72,1,8.99,1.09,1110.84,21.68,SC,JMFINANCIL,1
https://www.screener.in/company/PCBL/consolidated/,317.7,83.98,47.25,6.64,3.13,12500.31,7.75,5.58,2.08,-35.62,20.75,0.12,13.01,1.25,258.87,145.72,SC,PCBL,1
https://www.screener.in/company/ATLANTAELE/consolidated/,1625.25,35.36,57.25,28.28,13.45,12497.63,45.26,31.69,59.03,74.72,58.3,0.55,36.13,0.05,217.47,51.19,SC,ATLANTAELE,1
https://www.screener.in/company/HOMEFIRST/,1179.4,28.79,21.21,55.84,2.83,12328.71,11.13,15.71,21.36,40.7,29.74,0.74,15.07,2.43,581.35,-127.4,SC,HOMEFIRST,1
https://www.screener.in/company/SKYGOLD/consolidated/,796,6.76,36.8,21.63,10.3,12327.96,27.02,29.25,81.4,116.13,33.7,0.79,26.48,0.73,343.15,-9.54,SC,SKYGOLD,1
https://www.screener.in/company/JPPOWER/consolidated/,17.8,708.99,14.59,0.94,0.96,12199.15,6.97,3.6,8.8,12.35,18,0.25,5.06,0.27,641.34,81.56,SC,JPPOWER,1
https://www.screener.in/company/BLUEDART/consolidated/,5139,87.59,37.62,120.98,6.86,12194.86,16.64,16.82,9.23,30.8,49.06,0.45,25.46,0.64,287.05,81.64,SC,BLUEDART,1
https://www.screener.in/company/PARKHOSPS/consolidated/,282.05,8.23,43.85,6.64,6.03,12182.6,19.34,16.7,20.51,24.99,37.58,0.38,24.07,0.18,296.75,69.15,SC,PARKHOSPS,1
https://www.screener.in/company/SOUTHBANK/,46,8.48,7.97,5.77,1.02,12043.65,6.42,13.51,6.88,13.54,6.57,1.7,11.6,10.97,1510.82,46.07,SC,SOUTHBANK,1
https://www.screener.in/company/NUVOCO/consolidated/,334.85,72.58,28.81,10.81,1.18,11959.38,7.07,4.05,9.45,172.73,78.4,0.14,2.26,0.48,386.24,78.96,SC,NUVOCO,1
https://www.screener.in/company/INDIACEM/consolidated/,384.85,27.23,88.33,2.98,1.18,11926.4,1.24,0.37,7.06,133.4,50.09,0,-3.71,0.13,92.49,-6.07,SC,INDIACEM,1
https://www.screener.in/company/LLOYDSENT/consolidated/,78.23,12.68,104.55,0.75,2.81,11923.08,3.67,0.33,32.92,-59.37,47.96,0,2.16,0.19,278.27,-175.67,SC,LLOYDSENT,1
https://www.screener.in/company/KEC/consolidated/,446.9,193.86,19.83,20.8,1.93,11896.47,16.53,11.35,5.14,-1.2,40.65,0.57,9.69,0.87,553.62,-21.57,SC,KEC,1
https://www.screener.in/company/AKUMS/consolidated/,753.6,56.04,38.88,18.53,3.58,11861.22,14.94,8.45,9.18,-7.42,25.78,0.22,6.3,0.05,292.69,181.52,SC,AKUMS,1
https://www.screener.in/company/WABAG/consolidated/,1900.2,18.59,29.78,63.38,4.61,11860.57,21.33,15.89,20.45,30.17,17.63,0.53,11.83,0.09,394.2,36.1,SC,WABAG,1
https://www.screener.in/company/KTKBANK/,313.3,1.12,8.25,38,0.89,11852.12,6.06,10.36,0.47,23.41,5.45,1.26,11.58,8.63,1437.05,14.75,SC,KTKBANK,1
https://www.screener.in/company/PVRINOX/consolidated/,1204,83.96,37.27,45.27,1.6,11823.3,6.96,3.28,13.68,321.24,42.38,0.09,-3.47,0.92,443.8,94.82,SC,PVRINOX,1
https://www.screener.in/company/IRCON/consolidated/,124.5,182.45,22.36,5.57,1.76,11709.43,9.69,9.19,-9.92,-21.6,17.56,0.41,12.87,0.86,519.85,-48.27,SC,IRCON,1
https://www.screener.in/company/UTIAMC/consolidated/,907.7,64.7,21.86,35.9,2.58,11667.48,15.57,10.33,1.63,-25.24,20,0.47,14.44,0.03,512.43,49.25,SC,UTIAMC,1
https://www.screener.in/company/METROPOLIS/consolidated/,555.55,61.1,55.35,9.73,7.61,11521.4,17.81,13.63,21.8,36.87,59.02,0.25,14.84,0.15,202.83,82.09,SC,METROPOLIS,1
https://www.screener.in/company/TTKPRESTIG/consolidated/,598.25,112.22,39.61,14.11,4.13,8194.01,12.1,8.97,16.15,37.86,44.79,0.23,11.72,0.09,190.03,62.6,SC,TTKPRESTIG,1
https://www.screener.in/company/SIS/consolidated/,430.35,63.22,15.13,10.37,2.39,6081.15,13.68,13.93,25.2,26.64,19.68,0.92,10.6,0.7,146.52,97.54,SC,SIS,1
https://www.screener.in/company/MASFIN/consolidated/,305.3,38.66,13.92,21.72,1.87,5539.79,11.3,13.42,23.12,22.62,19.48,0.96,13.91,3.47,399.38,-124.94,SC,MASFIN,1
https://www.screener.in/company/INDIGOPNTS/,1140.5,193.56,36.37,30.5,4.59,5443.87,17.94,13.43,4.14,4.12,48.4,0.37,15.42,0.02,145.39,81.63,SC,INDIGOPNTS,1
https://www.screener.in/company/QUESS/consolidated/,330.5,86.48,19.07,16.92,4.24,4936.36,24,21.33,5.35,22.25,18.23,1.12,11.26,0.11,253.34,67.51,SC,QUESS,1
https://www.screener.in/company/BOSCH-HCIL/,1706.65,104.17,229.84,1.72,9.25,4640.38,4.64,2.28,12.57,-49.9,117.34,0.01,-0.74,0.16,4.67,130.48,SC,BOSCH-HCIL,1
https://www.screener.in/company/5PAISA/consolidated/,389.65,96.47,41.32,9.43,2.82,1826.78,9.94,7.04,-1.44,-25.95,39.73,0.17,9.4,0.58,44.21,-102.61,SC,5PAISA,1
https://www.screener.in/company/SURYODAY/,159.75,85.51,8.85,18.05,0.82,1697.97,7.33,7.58,16.66,139.27,11.87,0.86,5.4,8.24,191.87,49.1,SC,SURYODAY,1
