date,investment,cy_invested,reserve_amt,current,today_pnl_amount,today_pnl_percentage,curr_pnl_amount,curr_pnl_percentage,cy_pnl_amount,cy_pnl_percentage,total_profit,total_loss,overall_pnl_amount,overall_pnl_percentage,total_booked_amt,total_booked_percentage,cy_booked_amt,cy_booked_percentage,py_booked_amt,py_booked_percentage,estimate_st,est_st_pnl_amount,est_st_pnl_percentage,estimate_lt,est_lt_pnl_amount,est_lt_pnl_percentage,cagr
06-12-2024,10102190,11413190,1700,12200238.0,19948.0,0.16,-199431.0,-1.75,760569.0,6.66,828759.0,-1028189.0,2071569.0,20.51,2271000,22.48,960000,7.87,1311000,12.98,19425149.0,7224911.0,59.22,24530839.0,12330601.0,101.07,17.61
10-12-2024,10102190,11413190,2500,12283079.0,80131.0,0.66,-183516.0,-1.61,843484.0,7.39,802490.0,-986008.0,2154484.0,21.33,2338000,23.14,1027000,8.36,1311000,12.98,19441419.0,7158340.0,58.28,24575759.0,12292680.0,100.08,18.11
11-12-2024,10102190,11413190,2500,12314905.0,34495.0,0.28,-151690.0,-1.33,875310.0,7.67,837993.0,-989681.0,2186310.0,21.64,2338000,23.14,1027000,8.34,1311000,12.98,19441419.0,7126514.0,57.87,24574013.0,12259108.0,99.55,18.32
16-12-2024,10102190,11413190,2500,12227280.0,29403.0,0.24,-239315.0,-2.1,787685.0,6.9,827639.0,-1066953.0,2098685.0,20.77,2338000,23.14,1027000,8.4,1311000,12.98,19441830.0,7214550.0,59.0,24576170.0,12348890.0,100.99,17.4
17-12-2024,10102190,11413190,2500,12098044.0,-131789.0,-1.08,-368551.0,-3.23,658449.0,5.77,762069.0,-1130618.0,1969449.0,19.5,2338000,23.14,1027000,8.49,1311000,12.98,19441419.0,7343375.0,60.7,24575046.0,12477002.0,103.13,16.33
20-12-2024,10102190,11413190,2500,11675816.0,-223199.0,-1.88,-790779.0,-6.93,236221.0,2.07,636983.0,-1427765.0,1547221.0,15.32,2338000,23.14,1027000,8.8,1311000,12.98,19441830.0,7766014.0,66.51,24571916.0,12896100.0,110.45,12.85
21-12-2024,10102190,11413190,2500,11676518.0,-221905.0,-1.86,-790077.0,-6.92,236923.0,2.08,636443.0,-1426520.0,1547923.0,15.32,2338000,23.14,1027000,8.8,1311000,12.98,19441830.0,7765312.0,66.5,24573711.0,12897193.0,110.45,12.83
27-12-2024,10302190,11613190,3100,11845645.0,-177.0,0.0,-858744.0,-7.39,207256.0,1.78,573180.0,-1431927.0,1518256.0,14.74,2377000,23.07,1066000,9.0,1311000,12.73,19594291.0,7748646.0,65.41,24929116.0,13083471.0,110.45,12.4
30-12-2024,10302190,11613190,3100,11778728.0,-66917.0,-0.56,-925661.0,-7.97,140339.0,1.21,533042.0,-1458704.0,1451339.0,14.09,2377000,23.07,1066000,9.05,1311000,12.73,18927436.0,7148708.0,60.69,24712189.0,12933461.0,109.8,11.79
31-12-2024,10302190,11613190,3100,11814394.0,33362.0,0.28,-889995.0,-7.66,176005.0,1.52,554111.0,-1444108.0,1487005.0,14.43,2377000,23.07,1066000,9.02,1311000,12.73,19035673.0,7221279.0,61.12,24712189.0,12897795.0,109.17,12.04
01-01-2025,10302190,11613190,3100,11950129.0,135735.0,1.15,-754260.0,-6.49,311740.0,2.68,584764.0,-1339026.0,1622740.0,15.75,2377000,23.07,1066000,8.92,1311000,12.73,19070574.0,7120445.0,59.58,24710393.0,12760264.0,106.78,13.07
02-01-2025,10302190,11613190,3100,12075972.0,125843.0,1.05,-628417.0,-5.41,437583.0,3.77,637395.0,-1265811.0,1748583.0,16.97,2377000,23.07,1066000,8.83,1311000,12.73,19070574.0,6994602.0,57.92,24708647.0,12632675.0,104.61,14.0
03-01-2025,10392190,11703190,3000,12162743.0,2527.0,0.02,-649906.0,-5.55,437094.0,3.73,610848.0,-1260761.0,1748094.0,16.82,2398000,23.08,1087000,8.94,1311000,12.62,19209748.0,7047005.0,57.94,24776026.0,12613283.0,103.7,13.95
06-01-2025,10392190,11703190,3000,11855983.0,-306760.0,-2.52,-956666.0,-8.17,130334.0,1.11,525337.0,-1482003.0,1441334.0,13.87,2398000,23.08,1087000,9.17,1311000,12.62,18673012.0,6817029.0,57.5,24771771.0,12915788.0,108.94,11.5
07-01-2025,10392190,11703190,0,11962074.0,108384.0,0.91,-914929.0,-7.82,235071.0,2.01,480610.0,-1395540.0,1546071.0,14.88,2461000,23.68,1150000,9.61,1311000,12.62,18708116.0,6746042.0,56.4,24810448.0,12848374.0,107.41,12.29
08-01-2025,10392190,11703190,0,11905854.0,-56220.0,-0.47,-971149.0,-8.3,178851.0,1.53,459715.0,-1430865.0,1489851.0,14.34,2461000,23.68,1150000,9.66,1311000,12.62,18708116.0,6802262.0,57.13,24811161.0,12905307.0,108.39,11.83
10-01-2025,10392190,11703190,0,11642800.0,-207641.0,-1.75,-1234203.0,-10.55,-84203.0,-0.72,408033.0,-1642237.0,1226797.0,11.8,2461000,23.68,1150000,9.88,1311000,12.62,18690893.0,7048093.0,60.54,24799634.0,13156834.0,113.0,9.72
13-01-2025,10392190,11703190,0,11271529.0,-371271.0,-3.19,-1605474.0,-13.72,-455474.0,-3.89,314395.0,-1919872.0,855526.0,8.23,2461000,23.68,1150000,10.2,1311000,12.62,18690893.0,7419364.0,65.82,24798942.0,13527413.0,120.01,6.84
14-01-2025,10392190,11703190,0,11438357.0,162234.0,1.44,-1467919.0,-12.54,-282919.0,-2.42,301952.0,-1769873.0,1028081.0,9.89,2496000,24.02,1185000,10.36,1311000,12.62,18648458.0,7210101.0,63.03,24753134.0,13314777.0,116.4,8.12
16-01-2025,10427190,11738190,0,11585935.0,117152.0,1.02,-1355167.0,-11.54,-165167.0,-1.41,337448.0,-1692613.0,1145833.0,10.99,2501000,23.99,1190000,10.27,1311000,12.57,18699578.0,7113643.0,61.4,24808815.0,13222880.0,114.13,8.94
17-01-2025,10427190,11738190,0,11578815.0,-6730.0,-0.06,-1362287.0,-11.61,-172287.0,-1.47,319559.0,-1681842.0,1138713.0,10.92,2501000,23.99,1190000,10.28,1311000,12.57,18699578.0,7120763.0,61.5,24809507.0,13230692.0,114.27,8.84
20-01-2025,10427190,11738190,1039000,11658409.0,53088.0,0.46,-1419364.0,-12.09,-94364.0,-0.8,233075.0,-1652442.0,1216636.0,11.67,2636000,25.28,1325000,11.37,1311000,12.57,18298791.0,6640382.0,56.96,24207591.0,12549182.0,107.64,9.4
21-01-2025,10427190,11738190,421847,11551802.0,-112896.0,-0.97,-1526890.0,-13.01,-199890.0,-1.7,197721.0,-1724612.0,1111110.0,10.66,2638000,25.3,1327000,11.49,1311000,12.57,18484782.0,6932980.0,60.02,24396372.0,12844570.0,111.19,8.58
22-01-2025,10427190,11738190,421847,11488567.0,-62983.0,-0.55,-1590125.0,-13.55,-263125.0,-2.24,210131.0,-1800256.0,1047875.0,10.05,2638000,25.3,1327000,11.55,1311000,12.57,18484450.0,6995883.0,60.89,24396039.0,12907472.0,112.35,8.09
23-01-2025,10427190,11738190,421847,11556704.0,68137.0,0.59,-1521988.0,-12.97,-194988.0,-1.66,242228.0,-1764213.0,1116012.0,10.7,2638000,25.3,1327000,11.48,1311000,12.57,18484450.0,6927746.0,59.95,24391785.0,12835081.0,111.06,8.58
24-01-2025,10427190,11738190,421847,11420856.0,-135848.0,-1.18,-1657836.0,-14.12,-330836.0,-2.82,214001.0,-1871831.0,980164.0,9.4,2638000,25.3,1327000,11.62,1311000,12.57,18484450.0,7063594.0,61.85,24396039.0,12975183.0,113.61,7.54
27-01-2025,10427190,11738190,239000,11162223.0,-260433.0,-2.28,-1916611.0,-16.33,-589611.0,-5.02,172729.0,-2089340.0,721389.0,6.92,2638000,25.3,1327000,11.89,1311000,12.57,18481925.0,7319702.0,65.58,24394745.0,13232522.0,118.55,5.57
28-01-2025,10427190,11738190,239000,11143039.0,-274109.0,-2.4,-1935795.0,-16.49,-608795.0,-5.19,188208.0,-2124005.0,702205.0,6.73,2638000,25.3,1327000,11.91,1311000,12.57,18481925.0,7338886.0,65.86,24392560.0,13249521.0,118.9,5.41
29-01-2025,10427190,11738190,239000,11321227.0,180818.0,1.62,-1757607.0,-14.97,-430607.0,-3.67,227105.0,-1984716.0,880393.0,8.44,2638000,25.3,1327000,11.72,1311000,12.57,18481925.0,7160698.0,63.25,24390821.0,13069594.0,115.44,6.72
30-01-2025,10427190,11738190,731000,11357171.0,27457.0,0.24,-1778296.0,-15.15,-391296.0,-3.33,184908.0,-1963199.0,919704.0,8.82,2698000,25.87,1387000,12.21,1311000,12.57,18364819.0,7007648.0,61.7,24294158.0,12936987.0,113.91,6.97
31-01-2025,10427190,11738190,331000,11509121.0,169392.0,1.49,-1630919.0,-13.89,-243919.0,-2.08,215582.0,-1846496.0,1067081.0,10.23,2698000,25.87,1387000,12.05,1311000,12.57,18526569.0,7017448.0,60.97,24508662.0,12999541.0,112.95,8.08
31-01-2025,10427190,11738190,731000,11411639.0,81925.0,0.72,-1723828.0,-14.69,-336828.0,-2.87,202571.0,-1926401.0,974172.0,9.34,2698000,25.87,1387000,12.15,1311000,12.57,18364819.0,6953180.0,60.93,24297700.0,12886061.0,112.92,7.36
01-02-2025,10427190,11738190,331000,11569458.0,60337.0,0.52,-1570582.0,-13.38,-183582.0,-1.56,263104.0,-1833686.0,1127418.0,10.81,2698000,25.87,1387000,11.99,1311000,12.57,18526194.0,6956736.0,60.13,24506545.0,12937087.0,111.82,8.48
03-02-2025,10427190,11738190,331000,11417881.0,-91171.0,-0.79,-1722159.0,-14.67,-335159.0,-2.86,220417.0,-1942576.0,975841.0,9.36,2698000,25.87,1387000,12.15,1311000,12.57,18526194.0,7108313.0,62.26,24504745.0,13086864.0,114.62,7.36
04-02-2025,10427190,11738190,123000,11515154.0,101125.0,0.89,-1618366.0,-13.79,-231366.0,-1.97,258896.0,-1877262.0,1079634.0,10.35,2698000,25.87,1387000,12.04,1311000,12.57,18546889.0,7031735.0,61.07,24542743.0,13027589.0,113.13,8.05
05-02-2025,10427190,11738190,123000,11563250.0,48676.0,0.42,-1570270.0,-13.38,-183270.0,-1.56,277582.0,-1847853.0,1127730.0,10.82,2698000,25.87,1387000,11.99,1311000,12.57,18546412.0,6983162.0,60.39,24542461.0,12979211.0,112.25,8.38
06-02-2025,10427190,11738190,123000,11579452.0,16202.0,0.14,-1554068.0,-13.24,-167068.0,-1.42,269976.0,-1824047.0,1143932.0,10.97,2698000,25.87,1387000,11.98,1311000,12.57,18546412.0,6966960.0,60.17,24538065.0,12958613.0,111.91,8.48
07-02-2025,10427190,11738190,123000,11496055.0,-80083.0,-0.69,-1637465.0,-13.95,-250465.0,-2.13,261078.0,-1898544.0,1060535.0,10.17,2698000,25.87,1387000,12.07,1311000,12.57,18545706.0,7049651.0,61.32,24530155.0,13034100.0,113.38,7.86
10-02-2025,10427190,11738190,248000,11451715.0,-169340.0,-1.46,-1806805.0,-15.39,-419805.0,-3.58,220468.0,-2027272.0,891195.0,8.55,2698000,25.87,1387000,12.11,1311000,12.57,18670706.0,7218991.0,63.04,24653535.0,13201820.0,115.28,7.49
11-02-2025,10652190,11963190,248000,11268533.0,-283340.0,-2.45,-2090385.0,-17.47,-703385.0,-5.88,178069.0,-2268455.0,607615.0,5.7,2698000,25.33,1387000,12.31,1311000,12.31,18796166.0,7527633.0,66.8,24799656.0,13531123.0,120.08,4.53
12-02-2025,10652190,11963190,248000,11260804.0,-9985.0,-0.09,-2098114.0,-17.54,-711114.0,-5.94,185044.0,-2283159.0,599886.0,5.63,2698000,25.33,1387000,12.32,1311000,12.31,18796166.0,7535362.0,66.92,24799834.0,13539030.0,120.23,4.46
13-02-2025,10652190,11963190,248000,11261097.0,3031.0,0.03,-2097821.0,-17.54,-710821.0,-5.94,194126.0,-2291943.0,600179.0,5.63,2698000,25.33,1387000,12.32,1311000,12.31,18796166.0,7535069.0,66.91,24795912.0,13534815.0,120.19,4.45
14-02-2025,10652190,11963190,248000,11061432.0,-199659.0,-1.77,-2297486.0,-19.2,-910486.0,-7.61,176211.0,-2473700.0,400514.0,3.76,2698000,25.33,1387000,12.54,1311000,12.31,18796158.0,7734726.0,69.93,24792714.0,13731282.0,124.14,3.0
18-02-2025,10652190,11963190,148000,10937134.0,-80307.0,-0.73,-2422361.0,-20.25,-1035361.0,-8.65,183981.0,-2606347.0,275639.0,2.59,2698000,25.33,1387000,12.68,1311000,12.31,18827880.0,7890746.0,72.15,24850367.0,13913233.0,127.21,2.07
24-02-2025,10652190,11963190,148000,10992938.0,-115062.0,-1.04,-2366557.0,-19.78,-979557.0,-8.19,175526.0,-2542080.0,331443.0,3.11,2698000,25.33,1387000,12.62,1311000,12.31,18827880.0,7834942.0,71.27,24852482.0,13859544.0,126.08,2.45
25-02-2025,10652190,11963190,148000,10924857.0,-69644.0,-0.63,-2434638.0,-20.35,-1047638.0,-8.76,173634.0,-2608273.0,263362.0,2.47,2698000,25.33,1387000,12.7,1311000,12.31,18827880.0,7903023.0,72.34,24851676.0,13926819.0,127.48,1.96
27-02-2025,10652190,11963190,148000,10830493.0,-94364.0,-0.86,-2529002.0,-21.14,-1142002.0,-9.55,176214.0,-2705215.0,168998.0,1.59,2698000,25.33,1387000,12.81,1311000,12.31,18827880.0,7997387.0,73.84,24855578.0,14025085.0,129.5,1.28
28-02-2025,10652190,11963190,148000,10591121.0,-239372.0,-2.21,-2768374.0,-23.14,-1381374.0,-11.55,145645.0,-2914020.0,-70374.0,-0.66,2698000,25.33,1387000,13.1,1311000,12.31,18827880.0,8236759.0,77.77,24848811.0,14257690.0,134.62,-0.44
03-03-2025,10652190,11963190,148000,10507296.0,-83825.0,-0.79,-2852199.0,-23.84,-1465199.0,-12.25,147579.0,-2999777.0,-154199.0,-1.45,2698000,25.33,1387000,13.2,1311000,12.31,18778078.0,8270782.0,78.71,24851322.0,14344026.0,136.51,-1.03
04-03-2025,10652190,11963190,148000,10534895.0,27599.0,0.26,-2824600.0,-23.61,-1437600.0,-12.02,156421.0,-2981020.0,-126600.0,-1.19,2698000,25.33,1387000,13.17,1311000,12.31,18778078.0,8243183.0,78.25,24848864.0,14313969.0,135.87,-0.84
06-03-2025,10652190,11963190,52000,10916815.0,139764.0,1.3,-2442233.0,-20.41,-1055233.0,-8.82,185718.0,-2627951.0,255767.0,2.4,2698000,25.33,1387000,12.71,1311000,12.31,18894020.0,7977205.0,73.07,24922925.0,14006110.0,128.3,1.86
07-03-2025,10652190,11963190,52000,10951286.0,34655.0,0.32,-2407762.0,-20.13,-1020762.0,-8.53,180440.0,-2588203.0,290238.0,2.72,2698000,25.33,1387000,12.67,1311000,12.31,18893771.0,7942485.0,72.53,24919865.0,13968579.0,127.55,2.1
10-03-2025,10652190,11963190,52000,10782467.0,-168819.0,-1.54,-2576581.0,-21.54,-1189581.0,-9.94,173832.0,-2750420.0,121419.0,1.14,2698000,25.33,1387000,12.86,1311000,12.31,18893771.0,8111304.0,75.23,24918068.0,14135601.0,131.1,0.91
11-03-2025,10652190,11963190,52000,10688115.0,-94352.0,-0.88,-2670933.0,-22.33,-1283933.0,-10.73,161576.0,-2832509.0,27067.0,0.25,2698000,25.33,1387000,12.98,1311000,12.31,18893771.0,8205656.0,76.77,24922323.0,14234208.0,133.18,0.25
18-03-2025,10604190,11915190,4000,10706567.0,199101.0,1.89,-2604481.0,-21.86,-1217481.0,-10.22,215537.0,-2820018.0,93519.0,0.88,2698000,25.44,1387000,12.95,1311000,12.36,18845771.0,8139204.0,76.02,24871134.0,14164567.0,132.3,0.71
19-03-2025,10604190,11915190,4000,10906442.0,396180.0,3.77,-2404606.0,-20.18,-1017606.0,-8.54,252215.0,-2656823.0,293394.0,2.77,2698000,25.44,1387000,12.72,1311000,12.36,18845771.0,7939329.0,72.79,24871009.0,13964567.0,128.04,2.07
20-03-2025,10604190,11915190,4000,10981045.0,75318.0,0.69,-2330003.0,-19.55,-943003.0,-7.91,273049.0,-2603044.0,367997.0,3.47,2698000,25.44,1387000,12.63,1311000,12.36,18845771.0,7864726.0,71.62,24872620.0,13891575.0,126.51,2.57
21-03-2025,10604190,11915190,4000,11139557.0,162031.0,1.48,-2171491.0,-18.22,-784491.0,-6.58,313108.0,-2484601.0,526509.0,4.97,2698000,25.44,1387000,12.45,1311000,12.36,18845771.0,7706214.0,69.18,24867704.0,13728147.0,123.24,3.64
24-03-2025,10604190,11915190,4000,11269073.0,129516.0,1.16,-2041975.0,-17.14,-654975.0,-5.5,347201.0,-2389172.0,656025.0,6.19,2698000,25.44,1387000,12.31,1311000,12.36,18845771.0,7576698.0,67.23,24860824.0,13591751.0,120.61,4.48
25-03-2025,10604190,11915190,4000,11127728.0,-141345.0,-1.25,-2183320.0,-18.32,-796320.0,-6.68,324772.0,-2508088.0,514680.0,4.85,2698000,25.44,1387000,12.46,1311000,12.36,18845771.0,7718043.0,69.36,24860771.0,13733043.0,123.41,3.53
26-03-2025,10604190,11915190,4000,11024887.0,-102841.0,-0.92,-2286161.0,-19.19,-899161.0,-7.55,310115.0,-2596276.0,411839.0,3.88,2698000,25.44,1387000,12.58,1311000,12.36,18845771.0,7820884.0,70.94,24862375.0,13837488.0,125.51,2.83
27-03-2025,10604190,11915190,4000,11068367.0,43480.0,0.39,-2242681.0,-18.82,-855681.0,-7.18,339106.0,-2581783.0,455319.0,4.29,2698000,25.44,1387000,12.53,1311000,12.36,18845771.0,7777404.0,70.27,24867651.0,13799284.0,124.67,3.12
28-03-2025,10604190,11915190,4000,11004653.0,-63714.0,-0.58,-2306395.0,-19.36,-919395.0,-7.72,343890.0,-2650283.0,391605.0,3.69,2698000,25.44,1387000,12.6,1311000,12.36,18845771.0,7841118.0,71.25,24866825.0,13862172.0,125.97,2.68
01-04-2025,10604190,11915190,4000,11067059.0,62406.0,0.57,-2243989.0,-18.83,-856989.0,-7.19,308058.0,-2552049.0,454011.0,4.28,2698000,25.44,1387000,12.53,1311000,12.36,18845771.0,7778712.0,70.29,24862517.0,13795458.0,124.65,3.08
02-04-2025,10904190,12215190,300000,11456791.0,93732.0,0.82,-2150257.0,-17.6,-763257.0,-6.25,351627.0,-2501885.0,547743.0,5.02,2698000,24.74,1387000,12.11,1311000,12.02,19141771.0,7684980.0,67.08,25162629.0,13705838.0,119.63,3.66
03-04-2025,10904190,12215190,300000,11531934.0,75143.0,0.66,-2075114.0,-16.99,-688114.0,-5.63,371121.0,-2446239.0,622886.0,5.71,2698000,24.74,1387000,12.03,1311000,12.02,19141771.0,7609837.0,65.99,25165592.0,13633658.0,118.23,4.15
04-04-2025,10904190,13602190,0,11250806.0,-281369.0,-2.44,-2356964.0,-17.33,-2356964.0,-17.33,297967.0,-2654930.0,341036.0,3.13,2698000,24.74,0,0.0,2698000,24.74,19335092.0,8084286.0,71.86,25448071.0,14197265.0,126.19,2.29
07-04-2025,10904190,13602190,0,10865023.0,-385783.0,-3.43,-2742747.0,-20.16,-2742747.0,-20.16,218564.0,-2961313.0,-44747.0,-0.41,2698000,24.74,0,0.0,2698000,24.74,19335092.0,8470069.0,77.96,25448164.0,14583141.0,134.22,-0.26
08-04-2025,10904190,13602190,0,11121374.0,256351.0,2.36,-2486396.0,-18.28,-2486396.0,-18.28,285734.0,-2772128.0,211604.0,1.94,2698000,24.74,0,0.0,2698000,24.74,19335092.0,8213718.0,73.86,25451673.0,14330299.0,128.85,1.43
09-04-2025,10904190,13602190,4000,11081730.0,-38186.0,-0.34,-2542065.0,-18.69,-2528565.0,-18.59,272114.0,-2814185.0,169435.0,1.55,2711500,24.87,13500,0.12,2698000,24.74,19372309.0,8290579.0,74.81,25489769.0,14408039.0,130.02,1.17
11-04-2025,10904190,13602190,213000,11241467.0,169413.0,1.53,-2397055.0,-17.62,-2368181.0,-17.41,286952.0,-2684008.0,329819.0,3.02,2726874,25.01,28874,0.26,2698000,24.74,19332213.0,8090746.0,71.97,25353286.0,14111819.0,125.53,2.2
15-04-2025,10904190,13602190,213000,11445802.0,204335.0,1.82,-2192720.0,-16.12,-2163846.0,-15.91,366074.0,-2558793.0,534154.0,4.9,2726874,25.01,28874,0.25,2698000,24.74,19332213.0,7886411.0,68.9,25352623.0,13906821.0,121.5,3.5
16-04-2025,10904190,13602190,213000,11548267.0,102465.0,0.9,-2090255.0,-15.37,-2061381.0,-15.15,417983.0,-2508235.0,636619.0,5.84,2726874,25.01,28874,0.25,2698000,24.74,19332213.0,7783946.0,67.4,25356796.0,13808529.0,119.57,4.14
17-04-2025,10904190,13602190,3000,11637687.0,119639.0,1.04,-1972084.0,-14.5,-1943210.0,-14.29,475343.0,-2447428.0,754790.0,6.92,2726874,25.01,28874,0.25,2698000,24.74,19394425.0,7756738.0,66.65,25417030.0,13779343.0,118.4,4.68
21-04-2025,10904190,13602190,3000,11800988.0,163301.0,1.4,-1808783.0,-13.3,-1779909.0,-13.09,519098.0,-2327880.0,918091.0,8.42,2726874,25.01,28874,0.24,2698000,24.74,19394425.0,7593437.0,64.35,25411960.0,13610972.0,115.34,5.68
22-04-2025,10904190,13602190,3000,11878927.0,77939.0,0.66,-1730844.0,-12.72,-1701970.0,-12.51,554541.0,-2285380.0,996030.0,9.13,2726874,25.01,28874,0.24,2698000,24.74,19394425.0,7515498.0,63.27,25410133.0,13531206.0,113.91,6.16
23-04-2025,11004190,13702190,2000,11915211.0,44057.0,0.37,-1812079.0,-13.22,-1658408.0,-12.1,439011.0,-2251091.0,1039592.0,9.45,2851671,25.91,153671,1.29,2698000,24.52,19606080.0,7690869.0,64.55,25650989.0,13735778.0,115.28,5.75
24-04-2025,11004190,13702190,2000,11934336.0,19125.0,0.16,-1792954.0,-13.09,-1639283.0,-11.96,430266.0,-2223223.0,1058717.0,9.62,2851671,25.91,153671,1.29,2698000,24.52,19606080.0,7671744.0,64.28,25656919.0,13722583.0,114.98,5.86
25-04-2025,11004190,13702190,2000,11670827.0,-263509.0,-2.21,-2056463.0,-15.01,-1902792.0,-13.89,354636.0,-2411097.0,795208.0,7.23,2851671,25.91,153671,1.32,2698000,24.52,19606080.0,7935253.0,67.99,25655244.0,13984417.0,119.82,4.21
28-04-2025,11004190,13702190,2000,11758583.0,87756.0,0.75,-1968707.0,-14.37,-1815036.0,-13.25,405331.0,-2374039.0,882964.0,8.02,2851671,25.91,153671,1.31,2698000,24.52,19606080.0,7847497.0,66.74,25657868.0,13899285.0,118.21,4.73
29-04-2025,11004190,13702190,2000,11781366.0,22783.0,0.19,-1945924.0,-14.2,-1792253.0,-13.08,421484.0,-2367408.0,905747.0,8.23,2851671,25.91,153671,1.3,2698000,24.52,19606080.0,7824714.0,66.42,25652724.0,13871358.0,117.74,4.86
30-04-2025,11004190,13702190,228223,11664195.0,-116248.0,-0.99,-2111466.0,-15.41,-1910069.0,-13.94,358063.0,-2469534.0,787931.0,7.16,2899397,26.35,201397,1.73,2698000,24.52,19541150.0,7876955.0,67.53,25589365.0,13925170.0,119.38,4.13
02-05-2025,11404190,14102190,478223,12166675.0,-26345.0,-0.22,-2107012.0,-14.94,-1905615.0,-13.51,349292.0,-2456301.0,792385.0,6.95,2899397,25.42,201397,1.66,2698000,23.66,20252439.0,8085764.0,66.46,26322358.0,14155683.0,116.35,4.74
05-05-2025,11404190,14102190,478223,12287513.0,137546.0,1.13,-1986174.0,-14.08,-1784777.0,-12.66,384859.0,-2371035.0,913223.0,8.01,2899397,25.42,201397,1.64,2698000,23.66,20252439.0,7964926.0,64.82,26328121.0,14040608.0,114.27,5.45
07-05-2025,11404190,14102190,631000,12338973.0,77791.0,0.63,-2212204.0,-15.69,-1928807.0,-13.68,288954.0,-2501159.0,769193.0,6.74,2981397,26.14,283397,2.3,2698000,23.66,20470954.0,8131981.0,65.9,26581064.0,14242091.0,115.42,5.74
08-05-2025,11404190,14102190,631000,12207440.0,-131533.0,-1.07,-2343737.0,-16.62,-2060340.0,-14.61,265984.0,-2609721.0,637660.0,5.59,2981397,26.14,283397,2.32,2698000,23.66,20470954.0,8263514.0,67.69,26586328.0,14378888.0,117.79,4.92
09-05-2025,11404190,14102190,377782,12162820.0,-47974.0,-0.39,-2396888.0,-17.0,-2113491.0,-14.99,249079.0,-2645971.0,584509.0,5.13,2981397,26.14,283397,2.33,2698000,23.66,20670367.0,8507547.0,69.95,26848304.0,14685484.0,120.74,4.65
12-05-2025,11404190,14102190,402782,12638731.0,467234.0,3.84,-1927484.0,-13.67,-1640587.0,-11.63,384950.0,-2312432.0,1057413.0,9.27,2984897,26.17,286897,2.27,2698000,23.66,20754154.0,8115423.0,64.21,26921781.0,14283050.0,113.01,7.46
13-05-2025,11404190,14102190,402782,12673643.0,34912.0,0.28,-1892572.0,-13.42,-1605675.0,-11.39,373092.0,-2265666.0,1092325.0,9.58,2984897,26.17,286897,2.26,2698000,23.66,20754154.0,8080511.0,63.76,26924561.0,14250918.0,112.45,7.63
14-05-2025,11404190,14102190,220782,12554688.0,104284.0,0.84,-1808064.0,-12.82,-1521167.0,-10.79,372599.0,-2180664.0,1176833.0,10.32,2984897,26.17,286897,2.29,2698000,23.66,20611904.0,8057216.0,64.18,26762690.0,14208002.0,113.17,6.93
15-05-2025,11404190,14102190,220782,12670753.0,116065.0,0.92,-1691999.0,-12.0,-1405102.0,-9.96,419000.0,-2111003.0,1292898.0,11.34,2984897,26.17,286897,2.26,2698000,23.66,20611790.0,7941037.0,62.67,26762449.0,14091696.0,111.21,7.6
16-05-2025,11404190,14102190,210782,12809394.0,142620.0,1.13,-1579494.0,-11.2,-1266597.0,-8.98,432409.0,-2011895.0,1431403.0,12.55,3010897,26.4,312897,2.44,2698000,23.66,20659886.0,7850492.0,61.29,26808533.0,13999139.0,109.29,8.39
19-05-2025,11404190,14102190,55893,12840732.0,36451.0,0.28,-1543728.0,-10.95,-1227812.0,-8.71,443786.0,-1987510.0,1470188.0,12.89,3013916,26.43,315916,2.46,2698000,23.66,20694607.0,7853875.0,61.16,26843667.0,14002935.0,109.05,8.53
20-05-2025,11404190,14102190,55893,12696162.0,-144570.0,-1.13,-1688298.0,-11.97,-1372382.0,-9.73,421493.0,-2109796.0,1325618.0,11.62,3013916,26.43,315916,2.49,2698000,23.66,20694493.0,7998331.0,63.0,26845165.0,14149003.0,111.44,7.68
21-05-2025,11404190,14102190,294279,12781729.0,85246.0,0.67,-1645677.0,-11.67,-1286458.0,-9.12,407050.0,-2052728.0,1411542.0,12.38,3057219,26.81,359219,2.81,2698000,23.66,20660368.0,7878639.0,61.64,26789665.0,14007936.0,109.59,8.15
22-05-2025,11404190,14102190,195090,12728948.0,-50283.0,-0.39,-1722489.0,-12.21,-1336270.0,-9.48,365440.0,-2087926.0,1361730.0,11.94,3084219,27.04,386219,3.03,2698000,23.66,20778302.0,8049354.0,63.24,26900243.0,14171295.0,111.33,7.83
23-05-2025,11404190,14102190,499000,12808733.0,78054.0,0.61,-1688414.0,-11.97,-1259195.0,-8.93,360342.0,-2048759.0,1438805.0,12.62,3127219,27.42,429219,3.35,2698000,23.66,20672264.0,7863531.0,61.39,26788139.0,13979406.0,109.14,8.28
27-05-2025,11404190,14102190,187000,12935080.0,37109.0,0.29,-1639973.0,-11.63,-1210754.0,-8.59,379396.0,-2019367.0,1487246.0,13.04,3127219,27.42,429219,3.32,2698000,23.66,20873077.0,7937997.0,61.37,27003498.0,14068418.0,108.76,8.93
28-05-2025,11654190,14352190,537000,13196130.0,13601.0,0.1,-1645119.0,-11.46,-1198900.0,-8.35,378093.0,-2023208.0,1499100.0,12.86,3144219,26.98,446219,3.38,2698000,23.15,21116054.0,7919924.0,60.02,27238890.0,14042760.0,106.42,8.97
29-05-2025,11654190,14352190,423930,13226262.0,30536.0,0.23,-1614686.0,-11.25,-1167411.0,-8.13,394842.0,-2009527.0,1530589.0,13.13,3145275,26.99,447275,3.38,2698000,23.15,21156285.0,7930023.0,59.96,27285720.0,14059458.0,106.3,9.13
30-05-2025,11654190,14352190,423930,13205400.0,-17364.0,-0.13,-1635548.0,-11.4,-1188273.0,-8.28,402194.0,-2037746.0,1509727.0,12.95,3145275,26.99,447275,3.39,2698000,23.15,21156285.0,7950885.0,60.21,27285369.0,14079969.0,106.62,8.99
02-06-2025,11654190,14352190,393167,13252993.0,48049.0,0.36,-1587324.0,-11.06,-1140049.0,-7.94,434709.0,-2022037.0,1557951.0,13.37,3145275,26.99,447275,3.37,2698000,23.15,21171823.0,7918830.0,59.75,27300134.0,14047141.0,105.99,9.21
03-06-2025,11654190,14352190,103167,13151575.0,-72312.0,-0.55,-1658927.0,-11.56,-1211652.0,-8.44,421400.0,-2080327.0,1486348.0,12.75,3145275,26.99,447275,3.4,2698000,23.15,21120652.0,7969077.0,60.59,27349633.0,14198058.0,107.96,8.62
04-06-2025,11654190,14352190,103167,13193928.0,46451.0,0.35,-1616574.0,-11.26,-1169299.0,-8.15,445261.0,-2061836.0,1528701.0,13.12,3145275,26.99,447275,3.39,2698000,23.15,21120652.0,7926724.0,60.08,27343469.0,14149541.0,107.24,8.84
05-06-2025,11654190,14352190,164167,13227518.0,33106.0,0.25,-1634733.0,-11.39,-1135496.0,-7.91,433196.0,-2067922.0,1562504.0,13.41,3197237,27.43,499237,3.77,2698000,23.15,21157660.0,7930142.0,59.95,27378671.0,14151153.0,106.98,9.01
09-06-2025,11654190,14352190,100718,13499420.0,166560.0,1.25,-1472402.0,-10.26,-864228.0,-6.02,398427.0,-1870838.0,1833772.0,15.73,3306174,28.37,608174,4.51,2698000,23.15,20755973.0,7256553.0,53.75,27381340.0,13881920.0,102.83,10.43
10-06-2025,11654190,14352190,416352,13572479.0,74407.0,0.55,-1399342.0,-9.75,-791168.0,-5.51,394201.0,-1793546.0,1906832.0,16.36,3306174,28.37,608174,4.48,2698000,23.15,20523523.0,6951044.0,51.21,26818355.0,13245876.0,97.59,10.81
11-06-2025,11654190,14352190,416352,13590872.0,19443.0,0.14,-1380949.0,-9.62,-772775.0,-5.38,397257.0,-1778210.0,1925225.0,16.52,3306174,28.37,608174,4.47,2698000,23.15,20522456.0,6931584.0,51.0,26811960.0,13221088.0,97.28,10.89
12-06-2025,11654190,14352190,350476,13436831.0,-149302.0,-1.1,-1560429.0,-10.87,-923429.0,-6.43,316948.0,-1877376.0,1774571.0,15.23,3335000,28.62,637000,4.74,2698000,23.15,20585456.0,7148625.0,53.2,26850245.0,13413414.0,99.83,10.03
13-06-2025,11654190,14352190,350476,13330673.0,-105113.0,-0.78,-1666587.0,-11.61,-1029587.0,-7.17,291250.0,-1957835.0,1668413.0,14.32,3335000,28.62,637000,4.78,2698000,23.15,20585814.0,7255141.0,54.42,26844388.0,13513715.0,101.37,9.44
16-06-2025,11654190,14352190,150476,13325492.0,42221.0,0.32,-1595068.0,-11.11,-958068.0,-6.68,326351.0,-1921416.0,1739932.0,14.93,3335000,28.62,637000,4.78,2698000,23.15,20532975.0,7207483.0,54.09,26782512.0,13457020.0,100.99,9.35
17-06-2025,11654190,14352190,150476,13255476.0,-68016.0,-0.51,-1665084.0,-11.6,-1028084.0,-7.16,303351.0,-1968438.0,1669916.0,14.33,3335000,28.62,637000,4.81,2698000,23.15,20528748.0,7273272.0,54.87,26783004.0,13527528.0,102.05,8.96
18-06-2025,11654190,14352190,150476,13227447.0,-28029.0,-0.21,-1693113.0,-11.8,-1056113.0,-7.36,299929.0,-1993041.0,1641887.0,14.09,3335000,28.62,637000,4.82,2698000,23.15,20529003.0,7301556.0,55.2,26780998.0,13553551.0,102.47,8.79
20-06-2025,11654190,14352190,35470,13135193.0,104158.0,0.8,-1785297.0,-12.44,-1148297.0,-8.0,301929.0,-2087220.0,1549703.0,13.3,3335000,28.62,637000,4.85,2698000,23.15,20566595.0,7431402.0,56.58,26934033.0,13798840.0,105.05,8.26
23-06-2025,11654190,14352190,35470,13144386.0,13006.0,0.1,-1776104.0,-12.38,-1139104.0,-7.94,297171.0,-2073278.0,1558896.0,13.38,3335000,28.62,637000,4.85,2698000,23.15,20565534.0,7421148.0,56.46,26931659.0,13787273.0,104.89,8.26
24-06-2025,11654190,14352190,35470,13236792.0,92836.0,0.71,-1683698.0,-11.73,-1046698.0,-7.29,303009.0,-1986710.0,1651302.0,14.17,3335000,28.62,637000,4.81,2698000,23.15,20566657.0,7329865.0,55.37,26928677.0,13691885.0,103.44,8.74
25-06-2025,11654190,14352190,6470,13365194.0,130492.0,0.99,-1566405.0,-10.91,-917405.0,-6.39,325868.0,-1892272.0,1780595.0,15.28,3347000,28.72,649000,4.86,2698000,23.15,20619283.0,7254089.0,54.28,26958077.0,13592883.0,101.7,9.41
26-06-2025,11654190,14352190,6470,13402149.0,36955.0,0.28,-1529450.0,-10.66,-880450.0,-6.13,366771.0,-1896225.0,1817550.0,15.6,3347000,28.72,649000,4.84,2698000,23.15,20619283.0,7217134.0,53.85,26961952.0,13559803.0,101.18,9.59
27-06-2025,11654190,14352190,6470,13429752.0,25353.0,0.19,-1525708.0,-10.63,-851708.0,-5.93,359947.0,-1885655.0,1846292.0,15.84,3372000,28.93,674000,5.02,2698000,23.15,20687266.0,7257514.0,54.04,27019442.0,13589690.0,101.19,9.72
30-06-2025,11654190,14352190,6470,13636312.0,72638.0,0.54,-1353597.0,-9.43,-679597.0,-4.74,441358.0,-1794951.0,2018403.0,17.32,3372000,28.93,674000,4.94,2698000,23.15,20831985.0,7195673.0,52.77,27162017.0,13525705.0,99.19,10.74
01-07-2025,11654190,14352190,6470,13637746.0,2279.0,0.02,-1352163.0,-9.42,-678163.0,-4.73,451819.0,-1803981.0,2019837.0,17.33,3372000,28.93,674000,4.94,2698000,23.15,20831583.0,7193837.0,52.75,27163379.0,13525633.0,99.18,10.73
02-07-2025,11654190,14352190,6470,13631368.0,-6378.0,-0.05,-1358541.0,-9.47,-684541.0,-4.77,459019.0,-1817557.0,2013459.0,17.28,3372000,28.93,674000,4.94,2698000,23.15,20831934.0,7200566.0,52.82,27166318.0,13534950.0,99.29,10.68
03-07-2025,11654190,14352190,6470,13654361.0,22993.0,0.17,-1335548.0,-9.31,-661548.0,-4.61,466481.0,-1802030.0,2036452.0,17.47,3372000,28.93,674000,4.94,2698000,23.15,20833404.0,7179043.0,52.58,27167676.0,13513315.0,98.97,10.78
04-07-2025,11654190,14352190,9000,13674074.0,23187.0,0.17,-1337748.0,-9.32,-641748.0,-4.47,445795.0,-1783540.0,2056252.0,17.64,3394000,29.12,696000,5.09,2698000,23.15,20856559.0,7182485.0,52.53,27049970.0,13375896.0,97.82,10.86
07-07-2025,11654190,14352190,9000,13697444.0,23370.0,0.17,-1314378.0,-9.16,-618378.0,-4.31,476825.0,-1791203.0,2079622.0,17.84,3394000,29.12,696000,5.08,2698000,23.15,20858684.0,7161240.0,52.28,27048081.0,13350637.0,97.47,10.92
08-07-2025,11654190,14352190,9000,13691818.0,-5626.0,-0.04,-1320004.0,-9.2,-624004.0,-4.35,469778.0,-1789785.0,2073996.0,17.8,3394000,29.12,696000,5.08,2698000,23.15,20862216.0,7170398.0,52.37,27067900.0,13376082.0,97.69,10.87
09-07-2025,11654190,14352190,9000,13712108.0,22306.0,0.16,-1299714.0,-9.06,-603714.0,-4.21,494087.0,-1793802.0,2094286.0,17.97,3394000,29.12,696000,5.08,2698000,23.15,20860809.0,7148701.0,52.13,27055226.0,13343118.0,97.31,10.95
10-07-2025,11654190,14352190,9000,13713042.0,934.0,0.01,-1298780.0,-9.05,-602780.0,-4.2,483969.0,-1782748.0,2095220.0,17.98,3394000,29.12,696000,5.08,2698000,23.15,20861214.0,7148172.0,52.13,27058624.0,13345582.0,97.32,10.94
11-07-2025,11654190,14352190,9000,13611908.0,-109416.0,-0.8,-1439830.0,-10.03,-702830.0,-4.9,431060.0,-1870894.0,1995170.0,17.12,3435000,29.47,737000,5.41,2698000,23.15,20884547.0,7272639.0,53.43,26276011.0,12664103.0,93.04,10.4
14-07-2025,11654190,14352190,9000,13622573.0,10665.0,0.08,-1429165.0,-9.96,-692165.0,-4.82,430469.0,-1859637.0,2005835.0,17.21,3435000,29.47,737000,5.41,2698000,23.15,20880769.0,7258196.0,53.28,26270040.0,12647467.0,92.84,10.4
15-07-2025,11654190,14352190,9000,13736169.0,114978.0,0.84,-1315569.0,-9.17,-578569.0,-4.03,468073.0,-1783645.0,2119431.0,18.19,3435000,29.47,737000,5.37,2698000,23.15,20884628.0,7148459.0,52.04,26272151.0,12535982.0,91.26,10.94
16-07-2025,11654190,14352190,161244,13824694.0,92862.0,0.68,-1290539.0,-8.99,-482539.0,-3.36,423980.0,-1714519.0,2215461.0,19.01,3506000,30.08,808000,5.84,2698000,23.15,20879688.0,7054994.0,51.03,26235323.0,12410629.0,89.77,11.38
17-07-2025,11654190,14352190,10000,13840922.0,14041.0,0.1,-1276133.0,-8.89,-468133.0,-3.26,418213.0,-1694345.0,2229867.0,19.13,3506000,30.08,808000,5.84,2698000,23.15,20946226.0,7105304.0,51.34,26329076.0,12488154.0,90.23,11.44
18-07-2025,11654190,14352190,10000,13773154.0,-61973.0,-0.45,-1343901.0,-9.36,-535901.0,-3.73,406284.0,-1750187.0,2162099.0,18.55,3506000,30.08,808000,5.87,2698000,23.15,20939933.0,7166779.0,52.03,26308692.0,12535538.0,91.01,11.06
21-07-2025,11654190,14352190,10000,13745354.0,-27800.0,-0.2,-1371701.0,-9.56,-563701.0,-3.93,395174.0,-1766874.0,2134299.0,18.31,3506000,30.08,808000,5.88,2698000,23.15,20944577.0,7199223.0,52.38,26315039.0,12569685.0,91.45,10.88
22-07-2025,11654190,14352190,10000,13672838.0,-72516.0,-0.53,-1444217.0,-10.06,-636217.0,-4.43,367308.0,-1811527.0,2061783.0,17.69,3506000,30.08,808000,5.91,2698000,23.15,20941925.0,7269087.0,53.16,26306837.0,12633999.0,92.4,10.5
23-07-2025,11654190,14352190,10000,13715815.0,43175.0,0.32,-1401240.0,-9.76,-593240.0,-4.13,379241.0,-1780475.0,2104760.0,18.06,3506000,30.08,808000,5.89,2698000,23.15,20941449.0,7225634.0,52.68,26306362.0,12590547.0,91.8,10.7
24-07-2025,11654190,14352190,10000,13649217.0,-64323.0,-0.47,-1467838.0,-10.23,-659838.0,-4.6,356446.0,-1824285.0,2038162.0,17.49,3506000,30.08,808000,5.92,2698000,23.15,20938300.0,7289083.0,53.4,26303213.0,12653996.0,92.71,10.35
25-07-2025,11654190,14352190,10000,13422757.0,-221059.0,-1.62,-1694298.0,-11.81,-886298.0,-6.18,279511.0,-1973811.0,1811702.0,15.55,3506000,30.08,808000,6.02,2698000,23.15,20938300.0,7515543.0,55.99,26291684.0,12868927.0,95.87,9.2
28-07-2025,11654190,14352190,10000,13286395.0,-133262.0,-0.99,-1830660.0,-12.76,-1022660.0,-7.13,255339.0,-2085998.0,1675340.0,14.38,3506000,30.08,808000,6.08,2698000,23.15,20938300.0,7651905.0,57.59,26287511.0,13001116.0,97.85,8.47
29-07-2025,11654190,14352190,10000,13398019.0,111624.0,0.84,-1719036.0,-11.98,-911036.0,-6.35,295997.0,-2015035.0,1786964.0,15.33,3506000,30.08,808000,6.03,2698000,23.15,20938300.0,7540281.0,56.28,26287511.0,12889492.0,96.2,9.01
30-07-2025,12004190,14702190,360000,13771826.0,23807.0,0.17,-1695229.0,-11.53,-887229.0,-6.03,321789.0,-2017014.0,1810771.0,15.08,3506000,29.21,808000,5.87,2698000,22.48,21289555.0,7517729.0,54.59,26638766.0,12866940.0,93.43,9.12
31-07-2025,12004190,14702190,451000,13697247.0,-74440.0,-0.54,-1765492.0,-12.01,-962492.0,-6.55,322252.0,-2087744.0,1735508.0,14.46,3501000,29.16,803000,5.86,2698000,22.48,21285475.0,7588228.0,55.4,26584305.0,12887058.0,94.09,8.73
01-08-2025,12004190,14702190,353320,13565615.0,-126721.0,-0.93,-1921563.0,-13.07,-1094563.0,-7.44,228701.0,-2150259.0,1603437.0,13.36,3525000,29.36,827000,6.1,2698000,22.48,21319622.0,7754007.0,57.16,26615760.0,13050145.0,96.2,8.06
04-08-2025,12004190,14702190,353320,13630910.0,67995.0,0.5,-1856268.0,-12.63,-1029268.0,-7.0,255682.0,-2111947.0,1668732.0,13.9,3525000,29.36,827000,6.07,2698000,22.48,21398018.0,7767108.0,56.98,26612758.0,12981848.0,95.24,8.34
05-08-2025,12004190,14702190,353320,13600400.0,-28971.0,-0.21,-1886778.0,-12.83,-1059778.0,-7.21,238278.0,-2125058.0,1638222.0,13.65,3525000,29.36,827000,6.08,2698000,22.48,21398018.0,7797618.0,57.33,26610851.0,13010451.0,95.66,8.17
06-08-2025,12004190,14702190,353320,13494838.0,-103119.0,-0.76,-1992340.0,-13.55,-1165340.0,-7.93,218224.0,-2210567.0,1532660.0,12.77,3525000,29.36,827000,6.13,2698000,22.48,21395269.0,7900431.0,58.54,26607578.0,13112740.0,97.17,7.64
07-08-2025,12004190,14702190,353320,13481478.0,-11181.0,-0.08,-2005700.0,-13.64,-1178700.0,-8.02,227487.0,-2233185.0,1519300.0,12.66,3525000,29.36,827000,6.13,2698000,22.48,21395269.0,7913791.0,58.7,26603855.0,13122377.0,97.34,7.56
08-08-2025,12004190,14702190,251320,13227744.0,-121117.0,-0.91,-2259934.0,-15.37,-1432934.0,-9.75,193724.0,-2453660.0,1265066.0,10.54,3525000,29.36,827000,6.25,2698000,22.48,21435291.0,8207547.0,62.05,26477004.0,13249260.0,100.16,6.28
11-08-2025,12004190,14702190,251320,13246798.0,19104.0,0.14,-2240880.0,-15.24,-1413880.0,-9.62,220765.0,-2461646.0,1284120.0,10.7,3525000,29.36,827000,6.24,2698000,22.48,21435218.0,8188420.0,61.81,26476931.0,13230133.0,99.87,6.34
12-08-2025,12004190,14702190,251320,13245824.0,-974.0,-0.01,-2241854.0,-15.25,-1414854.0,-9.62,217340.0,-2459196.0,1283146.0,10.69,3525000,29.36,827000,6.24,2698000,22.48,21435218.0,8189394.0,61.83,26477952.0,13232128.0,99.9,6.33
13-08-2025,12004190,14702190,251320,13309989.0,64165.0,0.48,-2177689.0,-14.81,-1350689.0,-9.19,258503.0,-2436192.0,1347311.0,11.22,3525000,29.36,827000,6.21,2698000,22.48,21435218.0,8125229.0,61.05,26477282.0,13167293.0,98.93,6.63
14-08-2025,12004190,14702190,251320,13408768.0,-25575.0,-0.19,-2078910.0,-14.14,-1251910.0,-8.52,260687.0,-2339596.0,1446090.0,12.05,3525000,29.36,827000,6.17,2698000,22.48,21435101.0,8026333.0,59.86,26620240.0,13211472.0,98.53,7.11
18-08-2025,12004190,14702190,101320,13625189.0,216653.0,1.62,-1862421.0,-12.67,-1035421.0,-7.04,345628.0,-2208052.0,1662579.0,13.85,3525000,29.36,827000,6.07,2698000,22.48,21449629.0,7824440.0,57.43,26655508.0,13030319.0,95.63,8.11
19-08-2025,12004190,14702190,101320,13754781.0,129812.0,0.95,-1732829.0,-11.79,-905829.0,-6.16,380730.0,-2113557.0,1792171.0,14.93,3525000,29.36,827000,6.01,2698000,22.48,21449629.0,7694848.0,55.94,26656210.0,12901429.0,93.8,8.72
20-08-2025,12004190,14702190,338992,13840532.0,78355.0,0.57,-1691730.0,-11.51,-818730.0,-5.57,392105.0,-2083830.0,1879270.0,15.66,3571000,29.75,873000,6.31,2698000,22.48,21446241.0,7605709.0,54.95,26616800.0,12776268.0,92.31,9.11
21-08-2025,12004190,14702190,338992,13800927.0,-37316.0,-0.27,-1731335.0,-11.78,-858335.0,-5.84,373935.0,-2105269.0,1839665.0,15.33,3571000,29.75,873000,6.33,2698000,22.48,21443744.0,7642817.0,55.38,26609781.0,12808854.0,92.81,8.91
22-08-2025,12004190,14702190,338992,13707526.0,-92650.0,-0.67,-1824736.0,-12.41,-951736.0,-6.47,345976.0,-2170711.0,1746264.0,14.55,3571000,29.75,873000,6.37,2698000,22.48,21443744.0,7736218.0,56.44,26608539.0,12901013.0,94.12,8.45
25-08-2025,12004190,14702190,338992,13719477.0,12946.0,0.09,-1812785.0,-12.33,-939785.0,-6.39,354794.0,-2167581.0,1758215.0,14.65,3571000,29.75,873000,6.36,2698000,22.48,21443744.0,7724267.0,56.3,26606278.0,12886801.0,93.93,8.46
26-08-2025,12169190,14867190,899677,13736723.0,-152264.0,-1.1,-1988132.0,-13.37,-1084132.0,-7.29,299179.0,-2287307.0,1613868.0,13.26,3602000,29.6,904000,6.58,2698000,22.17,21564044.0,7827321.0,56.98,26700450.0,12963727.0,94.37,7.74
28-08-2025,12169190,14867190,899677,13640460.0,-96263.0,-0.7,-2084395.0,-14.02,-1180395.0,-7.94,266941.0,-2351334.0,1517605.0,12.47,3602000,29.6,904000,6.63,2698000,22.17,21564044.0,7923584.0,58.09,26698416.0,13057956.0,95.73,7.26
29-08-2025,12169190,14867190,427658,13656607.0,20441.0,0.15,-2067070.0,-13.9,-1163070.0,-7.82,260237.0,-2327300.0,1534930.0,12.61,3602000,29.6,904000,6.62,2698000,22.17,21861768.0,8205161.0,60.08,27012390.0,13355783.0,97.8,7.32
01-09-2025,12169190,14867190,217216,13835183.0,177295.0,1.3,-1888418.0,-12.7,-984418.0,-6.62,318598.0,-2207022.0,1713582.0,14.08,3602000,29.6,904000,6.53,2698000,22.17,21890474.0,8055291.0,58.22,27050556.0,13215373.0,95.52,8.13
02-09-2025,12169190,14867190,217216,13920159.0,84976.0,0.61,-1803442.0,-12.13,-899442.0,-6.05,342470.0,-2145913.0,1798558.0,14.78,3602000,29.6,904000,6.49,2698000,22.17,21890474.0,7970315.0,57.26,27050557.0,13130398.0,94.33,8.51
03-09-2025,12169190,14867190,500436,14001983.0,75243.0,0.54,-1774326.0,-11.93,-817518.0,-5.5,311623.0,-2085949.0,1880482.0,15.45,3654808,30.03,956808,6.83,2698000,22.17,21880356.0,7878373.0,56.27,27040378.0,13038395.0,93.12,8.88
04-09-2025,12169190,14867190,727318,13988802.0,-27375.0,-0.2,-1816294.0,-12.22,-830486.0,-5.59,292115.0,-2108407.0,1867514.0,15.35,3683808,30.27,985808,7.05,2698000,22.17,21877838.0,7889036.0,56.4,27037158.0,13048356.0,93.28,8.8
05-09-2025,12169190,14867190,727318,13967567.0,-21235.0,-0.15,-1837529.0,-12.36,-851721.0,-5.73,287050.0,-2124579.0,1846279.0,15.17,3683808,30.27,985808,7.06,2698000,22.17,21876496.0,7908929.0,56.62,27034484.0,13066917.0,93.55,8.69
08-09-2025,12169190,14867190,527208,13978040.0,22245.0,0.16,-1817952.0,-12.23,-832144.0,-5.6,275965.0,-2093916.0,1865856.0,15.33,3683808,30.27,985808,7.05,2698000,22.17,21925092.0,7947052.0,56.85,27143099.0,13165059.0,94.18,8.69
09-09-2025,12169190,14867190,1103661,14039687.0,50743.0,0.36,-1882427.0,-12.66,-779497.0,-5.24,171660.0,-2054081.0,1918503.0,15.77,3800930,31.23,1102930,7.86,2698000,22.17,21886957.0,7847270.0,55.89,27091871.0,13052184.0,92.97,8.96
10-09-2025,12169190,14867190,1103661,14131080.0,91563.0,0.65,-1791034.0,-12.05,-688104.0,-4.63,203084.0,-1994123.0,2009896.0,16.52,3800930,31.23,1102930,7.8,2698000,22.17,21886957.0,7755877.0,54.89,27094853.0,12963773.0,91.74,9.37
11-09-2025,12169190,14867190,418212,14147695.0,20220.0,0.14,-1771905.0,-11.92,-668975.0,-4.5,203358.0,-1975259.0,2029025.0,16.67,3800930,31.23,1102930,7.8,2698000,22.17,22530050.0,8382355.0,59.25,28193256.0,14045561.0,99.28,9.43
12-09-2025,12169190,14867190,418212,14157568.0,9923.0,0.07,-1762032.0,-11.85,-659102.0,-4.43,211734.0,-1973760.0,2038898.0,16.75,3800930,31.23,1102930,7.79,2698000,22.17,22529975.0,8372407.0,59.14,28196555.0,14038987.0,99.16,9.44
15-09-2025,12169190,14867190,218212,14165588.0,11473.0,0.08,-1753966.0,-11.8,-651036.0,-4.38,213114.0,-1967077.0,2046964.0,16.82,3800930,31.23,1102930,7.79,2698000,22.17,22509138.0,8343550.0,58.9,28255718.0,14090130.0,99.47,9.44
16-09-2025,12169190,14867190,218212,14207847.0,42259.0,0.3,-1711707.0,-11.51,-608777.0,-4.09,224344.0,-1936052.0,2089223.0,17.17,3800930,31.23,1102930,7.76,2698000,22.17,22509138.0,8301291.0,58.43,28257050.0,14049203.0,98.88,9.62
17-09-2025,12169190,14867190,444326,14257329.0,43728.0,0.31,-1686859.0,-11.35,-558846.0,-3.76,207863.0,-1894721.0,2139154.0,17.58,3826013,31.44,1128013,7.91,2698000,22.17,22506557.0,8249228.0,57.86,28248593.0,13991264.0,98.13,9.83
18-09-2025,12169190,14867190,616771,14284788.0,29226.0,0.21,-1675668.0,-11.27,-531655.0,-3.58,211116.0,-1886783.0,2166345.0,17.8,3842013,31.57,1144013,8.01,2698000,22.17,22413821.0,8129033.0,56.91,28240109.0,13955321.0,97.69,9.93
19-09-2025,12169190,14867190,616771,14285202.0,40.0,0.0,-1675254.0,-11.27,-531241.0,-3.57,215476.0,-1890729.0,2166759.0,17.81,3842013,31.57,1144013,8.01,2698000,22.17,22412059.0,8126857.0,56.89,28234974.0,13949772.0,97.65,9.92
22-09-2025,12169190,14867190,4377,14145670.0,-137557.0,-0.96,-1813567.0,-12.2,-669554.0,-4.5,172068.0,-1985633.0,2028446.0,16.67,3842013,31.57,1144013,8.09,2698000,22.17,22545888.0,8400218.0,59.38,28530017.0,14384347.0,101.69,9.25
23-09-2025,12169190,14867190,4377,14064375.0,-81295.0,-0.57,-1894862.0,-12.75,-750849.0,-5.05,153945.0,-2048810.0,1947151.0,16.0,3842013,31.57,1144013,8.13,2698000,22.17,22545888.0,8481513.0,60.3,28533391.0,14469016.0,102.88,8.87
24-09-2025,12169190,14867190,4377,13965873.0,-98502.0,-0.7,-1993364.0,-13.41,-849351.0,-5.71,138842.0,-2132203.0,1848649.0,15.19,3842013,31.57,1144013,8.19,2698000,22.17,22545888.0,8580015.0,61.44,28533391.0,14567518.0,104.31,8.41
25-09-2025,12169190,14867190,4377,13853560.0,-112313.0,-0.8,-2105677.0,-14.16,-961664.0,-6.47,120742.0,-2226421.0,1736336.0,14.27,3842013,31.57,1144013,8.26,2698000,22.17,22545888.0,8692328.0,62.74,28531348.0,14677788.0,105.95,7.89
26-09-2025,12169190,14867190,4377,13623813.0,-229747.0,-1.66,-2335424.0,-15.71,-1191411.0,-8.01,79143.0,-2414571.0,1506589.0,12.38,3842013,31.57,1144013,8.4,2698000,22.17,22545888.0,8922075.0,65.49,28530017.0,14906204.0,109.41,6.84
29-09-2025,12169190,14867190,4377,13638309.0,14496.0,0.11,-2320928.0,-15.61,-1176915.0,-7.92,94032.0,-2414960.0,1521085.0,12.5,3842013,31.57,1144013,8.39,2698000,22.17,22545888.0,8907579.0,65.31,28530017.0,14891708.0,109.19,6.87
30-09-2025,12369190,15067190,157377,13880147.0,33559.0,0.24,-2279100.0,-15.13,-1135087.0,-7.53,115854.0,-2394954.0,1562913.0,12.64,3842013,31.06,1144013,8.24,2698000,21.81,22796688.0,8916541.0,64.24,28997486.0,15117339.0,108.91,7.05
01-10-2025,12369190,15067190,57442,14032528.0,156530.0,1.13,-2126229.0,-14.11,-982216.0,-6.52,131280.0,-2257512.0,1715784.0,13.87,3842013,31.06,1144013,8.15,2698000,21.81,22889991.0,8857463.0,63.12,29084148.0,15051620.0,107.26,7.72
03-10-2025,12369190,15067190,57442,14118640.0,86112.0,0.61,-2040117.0,-13.54,-896104.0,-5.95,143789.0,-2183904.0,1801896.0,14.57,3842013,31.06,1144013,8.1,2698000,21.81,22889991.0,8771351.0,62.13,29087522.0,14968882.0,106.02,8.08
06-10-2025,12369190,15067190,57442,14112006.0,-6634.0,-0.05,-2046751.0,-13.58,-902738.0,-5.99,144182.0,-2190929.0,1795262.0,14.51,3842013,31.06,1144013,8.11,2698000,21.81,22909487.0,8797481.0,62.34,29090262.0,14978256.0,106.14,8.01
07-10-2025,12369190,15067190,57442,14106617.0,-5389.0,-0.04,-2052140.0,-13.62,-908127.0,-6.03,140897.0,-2193036.0,1789873.0,14.47,3842013,31.06,1144013,8.11,2698000,21.81,22909487.0,8802870.0,62.4,29090262.0,14983645.0,106.22,7.97
08-10-2025,12369190,15067190,57442,14041040.0,-65577.0,-0.46,-2117717.0,-14.06,-973704.0,-6.46,138195.0,-2255912.0,1724296.0,13.94,3842013,31.06,1144013,8.15,2698000,21.81,22909487.0,8868447.0,63.16,29090262.0,15049222.0,107.18,7.67
09-10-2025,12312407,15010407,57442,14118400.0,77360.0,0.55,-2040357.0,-13.59,-896344.0,-5.97,173936.0,-2214289.0,1801656.0,14.63,3842013,31.2,1144013,8.1,2698000,21.91,22909487.0,8791087.0,62.27,29090262.0,14971862.0,106.05,8.25
10-10-2025,12312407,15010407,57442,14182641.0,64241.0,0.46,-1976116.0,-13.16,-832103.0,-5.54,184245.0,-2160361.0,1865897.0,15.15,3842013,31.2,1144013,8.07,2698000,21.91,22909487.0,8726846.0,61.53,29090262.0,14907621.0,105.11,8.51
13-10-2025,12312407,15010407,109034,14025175.0,-100392.0,-0.71,-2123170.0,-14.14,-933157.0,-6.22,124337.0,-2247506.0,1764843.0,14.33,3888013,31.58,1190013,8.48,2698000,21.91,22868767.0,8843592.0,63.06,29117211.0,15092036.0,107.61,7.79
14-10-2025,12312407,15010407,109034,13829744.0,-195431.0,-1.39,-2318601.0,-15.45,-1128588.0,-7.52,112706.0,-2431308.0,1569412.0,12.75,3888013,31.58,1190013,8.6,2698000,21.91,22868767.0,9039023.0,65.36,29117211.0,15287467.0,110.54,6.92
15-10-2025,12312407,15010407,109034,13947644.0,118934.0,0.86,-2200701.0,-14.66,-1010688.0,-6.73,162314.0,-2363015.0,1687312.0,13.7,3888013,31.58,1190013,8.53,2698000,21.91,22867229.0,8919585.0,63.95,29115673.0,15168029.0,108.75,7.42
16-10-2025,12312407,15010407,109034,14042529.0,94885.0,0.68,-2105816.0,-14.03,-915803.0,-6.1,182914.0,-2288731.0,1782197.0,14.47,3888013,31.58,1190013,8.47,2698000,21.91,22832338.0,8789809.0,62.59,29080782.0,15038253.0,107.09,7.82
17-10-2025,12312407,15010407,109034,14024680.0,-15965.0,-0.11,-2123665.0,-14.15,-933652.0,-6.22,180919.0,-2304587.0,1764348.0,14.33,3888013,31.58,1190013,8.49,2698000,21.91,22829929.0,8805249.0,62.78,29078373.0,15053693.0,107.34,7.73
20-10-2025,12312407,15010407,229400,14103309.0,71134.0,0.51,-2063489.0,-13.75,-853476.0,-5.69,192934.0,-2256424.0,1844524.0,14.98,3908013,31.74,1210013,8.58,2698000,21.91,22851894.0,8748585.0,62.03,29100338.0,14997029.0,106.34,8.04
21-10-2025,12312407,15010407,54954,14147932.0,45839.0,0.33,-2018608.0,-13.45,-808595.0,-5.39,197763.0,-2216372.0,1889405.0,15.35,3908013,31.74,1210013,8.55,2698000,21.91,22886573.0,8738641.0,61.77,29135017.0,14987085.0,105.93,8.21
23-10-2025,12312407,15010407,54954,14217721.0,56615.0,0.4,-1948819.0,-12.98,-738806.0,-4.92,218135.0,-2166954.0,1959194.0,15.91,3908013,31.74,1210013,8.51,2698000,21.91,22886032.0,8668311.0,60.97,29134476.0,14916755.0,104.92,8.49
24-10-2025,12312407,15010407,54954,14203402.0,-11877.0,-0.08,-1963138.0,-13.08,-753125.0,-5.02,224046.0,-2187185.0,1944875.0,15.8,3908013,31.74,1210013,8.52,2698000,21.91,22884756.0,8681354.0,61.12,29133200.0,14929798.0,105.11,8.41
27-10-2025,12562407,15260407,147500,14515028.0,66560.0,0.46,-1905484.0,-12.49,-692471.0,-4.54,254191.0,-2159674.0,2005529.0,15.96,3911013,31.13,1213013,8.36,2698000,21.48,23190606.0,8675578.0,59.77,29453076.0,14938048.0,102.91,8.63
28-10-2025,12562407,15260407,147500,14485166.0,-29862.0,-0.21,-1935346.0,-12.68,-722333.0,-4.73,245280.0,-2180624.0,1975667.0,15.73,3911013,31.13,1213013,8.37,2698000,21.48,23190605.0,8705439.0,60.1,29453075.0,14967909.0,103.33,8.49
29-10-2025,12562407,15260407,147500,14625225.0,140059.0,0.97,-1795287.0,-11.76,-582274.0,-3.82,288613.0,-2083900.0,2115726.0,16.84,3911013,31.13,1213013,8.29,2698000,21.48,23127547.0,8502322.0,58.13,29453075.0,14827850.0,101.39,9.07
30-10-2025,12562407,15260407,215500,14574323.0,-48907.0,-0.33,-1884233.0,-12.35,-636220.0,-4.17,231315.0,-2115551.0,2061780.0,16.41,3946013,31.41,1248013,8.56,2698000,21.48,23134748.0,8560425.0,58.74,29030237.0,14455914.0,99.19,8.84
31-10-2025,12562407,15260407,213500,14475465.0,-96858.0,-0.66,-1981091.0,-12.98,-716078.0,-4.69,227588.0,-2208678.0,1981922.0,15.78,3963013,31.55,1265013,8.74,2698000,21.48,23132748.0,8657283.0,59.81,29028237.0,14552772.0,100.53,8.41
03-11-2025,12562407,15260407,105500,14540191.0,67135.0,0.46,-1916186.0,-12.56,-651173.0,-4.27,238359.0,-2154543.0,2046827.0,16.29,3963013,31.55,1265013,8.7,2698000,21.48,23160896.0,8620705.0,59.29,29056385.0,14516194.0,99.83,8.64
04-11-2025,12562407,15260407,105500,14451465.0,-84493.0,-0.58,-2004912.0,-13.14,-739899.0,-4.85,211342.0,-2216251.0,1958101.0,15.59,3963013,31.55,1265013,8.75,2698000,21.48,23154753.0,8703288.0,60.22,29050243.0,14598778.0,101.02,8.26
06-11-2025,12562407,15260407,105500,14298164.0,-153301.0,-1.06,-2158213.0,-14.14,-893200.0,-5.85,185604.0,-2343814.0,1804800.0,14.37,3963013,31.55,1265013,8.85,2698000,21.48,23154753.0,8856589.0,61.94,29050243.0,14752079.0,103.17,7.59
07-11-2025,12562407,15260407,105500,14278103.0,-16394.0,-0.11,-2178274.0,-14.27,-913261.0,-5.98,204764.0,-2383039.0,1784739.0,14.21,3963013,31.55,1265013,8.86,2698000,21.48,23154754.0,8876651.0,62.17,29043807.0,14765704.0,103.42,7.47
10-11-2025,12562407,15260407,260000,14293879.0,11254.0,0.08,-2219688.0,-14.55,-899675.0,-5.9,158503.0,-2378192.0,1798325.0,14.32,4018013,31.98,1320013,9.23,2698000,21.48,23220006.0,8926127.0,62.45,28945419.0,14651540.0,102.5,7.52
11-11-2025,12562407,15260407,559000,14319679.0,26081.0,0.18,-2222216.0,-14.56,-873203.0,-5.72,137655.0,-2359872.0,1824797.0,14.53,4047013,32.22,1349013,9.42,2698000,21.48,23008020.0,8688341.0,60.67,28733433.0,14413754.0,100.66,7.62
12-11-2025,12562407,15260407,150500,14522422.0,141999.0,0.99,-2140953.0,-14.03,-788953.0,-5.17,191020.0,-2331977.0,1909047.0,15.2,4050000,32.24,1352000,9.31,2698000,21.48,23330394.0,8807972.0,60.65,28685698.0,14163276.0,97.53,8.45
13-11-2025,12562407,15260407,3000,14526797.0,-49042.0,-0.34,-2015488.0,-13.21,-663488.0,-4.35,190362.0,-2205860.0,2034512.0,16.2,4050000,32.24,1352000,9.31,2698000,21.48,23631509.0,9104712.0,62.68,28900630.0,14373833.0,98.95,8.45
14-11-2025,12562407,15260407,3000,14521608.0,-4488.0,-0.03,-2020677.0,-13.24,-668677.0,-4.38,190831.0,-2211511.0,2029323.0,16.15,4050000,32.24,1352000,9.31,2698000,21.48,23630062.0,9108454.0,62.72,28899183.0,14377575.0,99.01,8.42
17-11-2025,12562407,15260407,1600,14577925.0,51389.0,0.35,-2006870.0,-13.15,-610870.0,-4.0,175703.0,-2182572.0,2087130.0,16.61,4094000,32.59,1396000,9.58,2698000,21.48,23668122.0,9090197.0,62.36,28880646.0,14302721.0,98.11,8.61
18-11-2025,12562407,15260407,1600,14484537.0,-92992.0,-0.64,-2100258.0,-13.76,-704258.0,-4.61,154948.0,-2255208.0,1993742.0,15.87,4094000,32.59,1396000,9.64,2698000,21.48,23520087.0,9035550.0,62.38,28880170.0,14395633.0,99.39,8.21
19-11-2025,12562407,15260407,115800,14455095.0,-8323.0,-0.06,-2124294.0,-13.92,-728294.0,-4.77,169831.0,-2294128.0,1969706.0,15.68,4094000,32.59,1396000,9.66,2698000,21.48,23375424.0,8920329.0,61.71,28091602.0,13636507.0,94.34,8.08
20-11-2025,12562407,15260407,400,14461031.0,6230.0,0.04,-2118122.0,-13.88,-729122.0,-4.78,178401.0,-2296526.0,1968878.0,15.67,4087000,32.53,1389000,9.61,2698000,21.48,23120236.0,8659205.0,59.88,28135139.0,13674108.0,94.56,8.09
21-11-2025,12562407,15260407,400,14316918.0,-142483.0,-0.99,-2262235.0,-14.82,-873235.0,-5.72,149162.0,-2411394.0,1824765.0,14.53,4087000,32.53,1389000,9.7,2698000,21.48,23120236.0,8803318.0,61.49,28135139.0,13818221.0,96.52,7.49
24-11-2025,12562407,15260407,400,14244808.0,-72110.0,-0.5,-2334345.0,-15.3,-945345.0,-6.19,139111.0,-2473456.0,1752655.0,13.95,4087000,32.53,1389000,9.75,2698000,21.48,23120236.0,8875428.0,62.31,28135139.0,13890331.0,97.51,7.16
25-11-2025,12562407,15260407,400,14218202.0,-26606.0,-0.19,-2360951.0,-15.47,-971951.0,-6.37,127637.0,-2488588.0,1726049.0,13.74,4087000,32.53,1389000,9.77,2698000,21.48,23120236.0,8902034.0,62.61,28135139.0,13916937.0,97.88,7.04
26-11-2025,12562407,15260407,400,14367777.0,149575.0,1.05,-2211376.0,-14.49,-822376.0,-5.39,164412.0,-2375785.0,1875624.0,14.93,4087000,32.53,1389000,9.67,2698000,21.48,23120235.0,8752458.0,60.92,28135138.0,13767361.0,95.82,7.64
27-11-2025,12562407,15260407,400,14342429.0,-25348.0,-0.18,-2236724.0,-14.66,-847724.0,-5.56,174496.0,-2411219.0,1850276.0,14.73,4087000,32.53,1389000,9.68,2698000,21.48,23120235.0,8777806.0,61.2,28135138.0,13792709.0,96.17,7.52
28-11-2025,12562407,15260407,400,14312056.0,-30373.0,-0.21,-2267097.0,-14.86,-878097.0,-5.75,165871.0,-2432968.0,1819903.0,14.49,4087000,32.53,1389000,9.71,2698000,21.48,23120237.0,8808181.0,61.54,28135140.0,13823084.0,96.58,7.39
01-12-2025,12562407,15260407,400,14277214.0,-34842.0,-0.24,-2301939.0,-15.08,-912939.0,-5.98,161939.0,-2463878.0,1785061.0,14.21,4087000,32.53,1389000,9.73,2698000,21.48,23120236.0,8843022.0,61.94,28135139.0,13857925.0,97.06,7.21
02-12-2025,12562407,15260407,400,14239590.0,-37624.0,-0.26,-2339563.0,-15.33,-950563.0,-6.23,155771.0,-2495335.0,1747437.0,13.91,4087000,32.53,1389000,9.75,2698000,21.48,23120237.0,8880647.0,62.37,28135140.0,13895550.0,97.58,7.05
03-12-2025,12782407,15480407,495000,14376878.0,-79932.0,-0.55,-2450724.0,-15.83,-1021724.0,-6.6,119212.0,-2569936.0,1676276.0,13.11,4127000,32.29,1429000,9.94,2698000,21.11,23290753.0,8913875.0,62.0,28305655.0,13928777.0,96.88,6.71
04-12-2025,12782407,15480407,495000,14393620.0,16742.0,0.12,-2410402.0,-15.57,-981402.0,-6.34,135741.0,-2546142.0,1716598.0,13.43,4127000,32.29,1429000,9.93,2698000,21.11,23290752.0,8897132.0,61.81,28305654.0,13912034.0,96.65,6.76
05-12-2025,12782407,15480407,66757,14192819.0,-60027.0,-0.42,-2512405.0,-16.23,-1083405.0,-7.0,148947.0,-2661352.0,1614595.0,12.63,4127000,32.29,1429000,10.07,2698000,21.11,23233270.0,9040451.0,63.7,29661239.0,15468420.0,108.99,5.94
08-12-2025,12782407,15480407,66757,13944461.0,-248358.0,-1.75,-2760763.0,-17.83,-1331763.0,-8.6,124634.0,-2885396.0,1366237.0,10.69,4127000,32.29,1429000,10.25,2698000,21.11,23168731.0,9224270.0,66.15,28219603.0,14275142.0,102.37,4.9
09-12-2025,12782407,15480407,66757,13971402.0,26941.0,0.19,-2733822.0,-17.66,-1304822.0,-8.43,113762.0,-2847582.0,1393178.0,10.9,4127000,32.29,1429000,10.23,2698000,21.11,23168731.0,9197329.0,65.83,28219603.0,14248201.0,101.98,5.0
10-12-2025,12782407,15480407,66757,13944655.0,-26747.0,-0.19,-2760569.0,-17.83,-1331569.0,-8.6,119760.0,-2880329.0,1366431.0,10.69,4127000,32.29,1429000,10.25,2698000,21.11,23168731.0,9224076.0,66.15,28219603.0,14274948.0,102.37,4.88
11-12-2025,12782407,15480407,66757,14018414.0,73759.0,0.53,-2686810.0,-17.36,-1257810.0,-8.13,128330.0,-2815140.0,1440190.0,11.27,4127000,32.29,1429000,10.19,2698000,21.11,23168731.0,9150317.0,65.27,28219603.0,14201189.0,101.3,5.18
12-12-2025,12782407,15480407,66757,14058511.0,40097.0,0.29,-2646713.0,-17.1,-1217713.0,-7.87,142080.0,-2788791.0,1480287.0,11.58,4127000,32.29,1429000,10.16,2698000,21.11,23168731.0,9110220.0,64.8,28219603.0,14161092.0,100.73,5.33
15-12-2025,12782407,15480407,66757,14108006.0,49495.0,0.35,-2597218.0,-16.78,-1168218.0,-7.55,148531.0,-2745749.0,1529782.0,11.97,4127000,32.29,1429000,10.13,2698000,21.11,23168731.0,9060725.0,64.22,28219603.0,14111597.0,100.03,5.51
16-12-2025,12782407,15480407,66757,14029750.0,-78256.0,-0.55,-2675474.0,-17.28,-1246474.0,-8.05,137517.0,-2812994.0,1451526.0,11.36,4127000,32.29,1429000,10.19,2698000,21.11,23168730.0,9138980.0,65.14,28219602.0,14189852.0,101.14,5.18
18-12-2025,12782407,15480407,66757,13924500.0,-4524.0,-0.03,-2780724.0,-17.96,-1351724.0,-8.73,138430.0,-2919154.0,1346276.0,10.53,4127000,32.29,1429000,10.26,2698000,21.11,23168731.0,9244231.0,66.39,28219603.0,14295103.0,102.66,4.74
19-12-2025,12782407,15480407,66757,14025695.0,101195.0,0.73,-2679529.0,-17.31,-1250529.0,-8.08,139695.0,-2819223.0,1447471.0,11.32,4127000,32.29,1429000,10.19,2698000,21.11,23168732.0,9143037.0,65.19,28219604.0,14193909.0,101.2,5.14
22-12-2025,12782407,15480407,66757,14133915.0,108220.0,0.77,-2571309.0,-16.61,-1142309.0,-7.38,168133.0,-2739444.0,1555691.0,12.17,4127000,32.29,1429000,10.11,2698000,21.11,23168731.0,9034816.0,63.92,28219603.0,14085688.0,99.66,5.55
23-12-2025,12782407,15480407,66757,14178145.0,44230.0,0.31,-2527079.0,-16.32,-1098079.0,-7.09,165575.0,-2692655.0,1599921.0,12.52,4127000,32.29,1429000,10.08,2698000,21.11,23168731.0,8990586.0,63.41,28219603.0,14041458.0,99.04,5.72
24-12-2025,12782407,15480407,66757,14168612.0,-10216.0,-0.07,-2536612.0,-16.39,-1107612.0,-7.15,162750.0,-2699359.0,1590388.0,12.44,4127000,32.29,1429000,10.09,2698000,21.11,23168730.0,9000118.0,63.52,28219602.0,14050990.0,99.17,5.67
26-12-2025,12782407,15480407,66757,14118252.0,-50360.0,-0.36,-2586972.0,-16.71,-1157972.0,-7.48,156369.0,-2743343.0,1540028.0,12.05,4127000,32.29,1429000,10.12,2698000,21.11,23168731.0,9050479.0,64.1,28208565.0,14090313.0,99.8,5.46
29-12-2025,12782407,15480407,66757,14036164.0,-83298.0,-0.59,-2669060.0,-17.24,-1240060.0,-8.01,148030.0,-2817093.0,1457940.0,11.41,4127000,32.29,1429000,10.18,2698000,21.11,23168731.0,9132567.0,65.06,28208565.0,14172401.0,100.97,5.1
30-12-2025,12982407,15680407,1370,14180588.0,-60098.0,-0.42,-2724380.0,-17.37,-1295380.0,-8.26,135886.0,-2860271.0,1402620.0,10.8,4127000,31.79,1429000,10.08,2698000,20.78,23442683.0,9262095.0,65.32,28482517.0,14301929.0,100.86,4.88
31-12-2025,12982407,15680407,1680,14310286.0,126225.0,0.89,-2595651.0,-16.55,-1166651.0,-7.44,153023.0,-2748672.0,1531349.0,11.8,4127000,31.79,1429000,9.99,2698000,20.78,23417011.0,9106725.0,63.64,28456846.0,14146560.0,98.86,5.39
01-01-2026,12982407,15680407,1680,14351671.0,38614.0,0.27,-2556023.0,-16.3,-1127023.0,-7.19,161313.0,-2717340.0,1570977.0,12.1,4127000,31.79,1429000,9.96,2698000,20.78,23404454.0,9052783.0,63.08,28135901.0,13784230.0,96.05,5.54
02-01-2026,12982407,15680407,1680,14435722.0,84051.0,0.59,-2471972.0,-15.76,-1042972.0,-6.65,189110.0,-2661084.0,1655028.0,12.75,4127000,31.79,1429000,9.9,2698000,20.78,23404454.0,8968732.0,62.13,28135901.0,13700179.0,94.9,5.86
05-01-2026,12982407,15680407,1680,14413650.0,-22072.0,-0.15,-2494044.0,-15.91,-1065044.0,-6.79,190515.0,-2684560.0,1632956.0,12.58,4127000,31.79,1429000,9.91,2698000,20.78,23404452.0,8990802.0,62.38,28135900.0,13722250.0,95.2,5.75
06-01-2026,12982407,15680407,1680,14430907.0,17257.0,0.12,-2476787.0,-15.8,-1047787.0,-6.68,203535.0,-2680322.0,1650213.0,12.71,4127000,31.79,1429000,9.9,2698000,20.78,23404453.0,8973546.0,62.18,28135900.0,13704993.0,94.97,5.81
07-01-2026,12982407,15680407,1680,14477503.0,46596.0,0.32,-2430191.0,-15.5,-1001191.0,-6.38,234799.0,-2664989.0,1696809.0,13.07,4127000,31.79,1429000,9.87,2698000,20.78,23453354.0,8975851.0,62.0,28135901.0,13658398.0,94.34,5.98
08-01-2026,12982407,15680407,1680,14264597.0,-212906.0,-1.47,-2643097.0,-16.86,-1214097.0,-7.74,176501.0,-2819597.0,1483903.0,11.43,4127000,31.79,1429000,10.02,2698000,20.78,23453353.0,9188756.0,64.42,28135901.0,13871304.0,97.24,5.14
09-01-2026,12982407,15680407,1680,14103185.0,-162543.0,-1.14,-2804509.0,-17.89,-1375509.0,-8.77,166234.0,-2970742.0,1322491.0,10.19,4127000,31.79,1429000,10.13,2698000,20.78,23453353.0,9350168.0,66.3,28135900.0,14032715.0,99.5,4.5
12-01-2026,12982407,15680407,1680,14079652.0,-25185.0,-0.18,-2828042.0,-18.04,-1399042.0,-8.92,177083.0,-3005124.0,1298958.0,10.01,4127000,31.79,1429000,10.15,2698000,20.78,23453352.0,9373700.0,66.58,28135899.0,14056247.0,99.83,4.4
13-01-2026,12982407,15680407,1680,14062059.0,-17593.0,-0.12,-2845635.0,-18.15,-1416635.0,-9.03,176520.0,-3022155.0,1281365.0,9.87,4127000,31.79,1429000,10.16,2698000,20.78,23453353.0,9391294.0,66.78,28135900.0,14073841.0,100.08,4.32
14-01-2026,12982407,15680407,1680,14027726.0,-34333.0,-0.24,-2879968.0,-18.37,-1450968.0,-9.25,160657.0,-3040624.0,1247032.0,9.61,4127000,31.79,1429000,10.19,2698000,20.78,23453352.0,9425626.0,67.19,28135900.0,14108174.0,100.57,4.18
16-01-2026,12982407,15680407,1680,14002907.0,-24819.0,-0.18,-2904787.0,-18.52,-1475787.0,-9.41,189408.0,-3094189.0,1222213.0,9.41,4127000,31.79,1429000,10.21,2698000,20.78,23453354.0,9450447.0,67.49,28135901.0,14132994.0,100.93,4.07
19-01-2026,12982407,15680407,1680,13914898.0,-88009.0,-0.63,-2992796.0,-19.09,-1563796.0,-9.97,163518.0,-3156312.0,1134204.0,8.74,4127000,31.79,1429000,10.27,2698000,20.78,23443032.0,9528134.0,68.47,28125579.0,14210681.0,102.13,3.71
20-01-2026,12982407,15680407,1680,13588392.0,-326506.0,-2.35,-3319302.0,-21.17,-1890302.0,-12.06,126792.0,-3446090.0,807698.0,6.22,4127000,31.79,1429000,10.52,2698000,20.78,23443032.0,9854640.0,72.52,28125579.0,14537187.0,106.98,2.43
21-01-2026,12982407,15680407,1680,13533671.0,-54721.0,-0.4,-3374023.0,-21.52,-1945023.0,-12.4,117394.0,-3491412.0,752977.0,5.8,4127000,31.79,1429000,10.56,2698000,20.78,23443032.0,9909361.0,73.22,28125579.0,14591908.0,107.82,2.21
22-01-2026,12982407,15680407,1680,13686953.0,153282.0,1.13,-3220741.0,-20.54,-1791741.0,-11.43,138134.0,-3358874.0,906259.0,6.98,4127000,31.79,1429000,10.44,2698000,20.78,23443032.0,9756079.0,71.28,28125579.0,14438626.0,105.49,2.81
23-01-2026,12982407,15680407,1680,13523998.0,-162115.0,-1.18,-3383696.0,-21.58,-1954696.0,-12.47,131163.0,-3514859.0,743304.0,5.73,4127000,31.79,1429000,10.57,2698000,20.78,23441708.0,9917710.0,73.33,28124255.0,14600257.0,107.96,2.16
27-01-2026,12982407,15680407,1680,13496727.0,-27271.0,-0.2,-3410967.0,-21.75,-1981967.0,-12.64,140901.0,-3551870.0,716033.0,5.52,4127000,31.79,1429000,10.59,2698000,20.78,23441707.0,9944980.0,73.68,28124254.0,14627527.0,108.38,2.04
28-01-2026,12982407,15680407,1680,13668455.0,171728.0,1.27,-3239239.0,-20.66,-1810239.0,-11.54,155668.0,-3394912.0,887761.0,6.84,4127000,31.79,1429000,10.45,2698000,20.78,23441707.0,9773252.0,71.5,28116982.0,14448527.0,105.71,2.71
29-01-2026,12982407,15680407,1680,13605899.0,-62556.0,-0.46,-3301795.0,-21.06,-1872795.0,-11.94,144906.0,-3446697.0,825205.0,6.36,4127000,31.79,1429000,10.5,2698000,20.78,23441707.0,9835808.0,72.29,28116982.0,14511083.0,106.65,2.47
30-01-2026,12982407,15680407,1680,13725999.0,121535.0,0.89,-3181695.0,-20.29,-1752695.0,-11.18,154414.0,-3336107.0,945305.0,7.28,4127000,31.79,1429000,10.41,2698000,20.78,23441250.0,9715251.0,70.78,28114833.0,14388834.0,104.83,2.93
01-02-2026,12982407,15680407,1680,13563272.0,-71160.0,-0.52,-3344422.0,-21.33,-1915422.0,-12.22,121492.0,-3465916.0,782578.0,6.03,4127000,31.79,1429000,10.54,2698000,20.78,23441250.0,9877978.0,72.83,28114832.0,14551560.0,107.29,2.29
02-02-2026,12982407,15680407,3490,13633979.0,-18506.0,-0.14,-3315349.0,-21.14,-1841349.0,-11.74,88650.0,-3403996.0,856651.0,6.6,4172000,32.14,1474000,10.81,2698000,20.78,23499967.0,9865988.0,72.36,28259052.0,14625073.0,107.27,2.56
03-02-2026,12982407,15680407,3490,13909694.0,276823.0,2.03,-3039634.0,-19.38,-1565634.0,-9.98,144959.0,-3184592.0,1132366.0,8.72,4172000,32.14,1474000,10.6,2698000,20.78,23499967.0,9590273.0,68.95,28255050.0,14345356.0,103.13,3.61
04-02-2026,12982407,15680407,3490,13950807.0,52752.0,0.38,-2998521.0,-19.12,-1524521.0,-9.72,135832.0,-3134358.0,1173479.0,9.04,4172000,32.14,1474000,10.57,2698000,20.78,23492659.0,9541852.0,68.4,28237325.0,14286518.0,102.41,3.76
05-02-2026,12982407,15680407,3490,13900432.0,-47255.0,-0.34,-3048896.0,-19.44,-1574896.0,-10.04,122431.0,-3171328.0,1123104.0,8.65,4172000,32.14,1474000,10.6,2698000,20.78,23488006.0,9587574.0,68.97,28232673.0,14332241.0,103.11,3.57
06-02-2026,12982407,15680407,3490,13861010.0,-34012.0,-0.24,-3088318.0,-19.7,-1614318.0,-10.3,119496.0,-3207815.0,1083682.0,8.35,4172000,32.14,1474000,10.63,2698000,20.78,23488006.0,9626996.0,69.45,28219323.0,14358313.0,103.59,3.41
09-02-2026,12982407,15680407,3490,14064363.0,203353.0,1.47,-2884965.0,-18.4,-1410965.0,-9.0,147237.0,-3032202.0,1287035.0,9.91,4172000,32.14,1474000,10.48,2698000,20.78,23488006.0,9423643.0,67.0,28219323.0,14154960.0,100.64,4.16
10-02-2026,12982407,15680407,3490,14126907.0,62544.0,0.44,-2822421.0,-18.0,-1348421.0,-8.6,170172.0,-2992593.0,1349579.0,10.4,4172000,32.14,1474000,10.43,2698000,20.78,23488006.0,9361099.0,66.26,28219323.0,14092416.0,99.76,4.39
11-02-2026,12982407,15680407,3490,14083663.0,-42494.0,-0.3,-2865665.0,-18.28,-1391665.0,-8.88,164683.0,-3030348.0,1306335.0,10.06,4172000,32.14,1474000,10.47,2698000,20.78,23486887.0,9403224.0,66.77,28218204.0,14134541.0,100.36,4.22
12-02-2026,12982407,15680407,3490,13921184.0,-161243.0,-1.14,-3028144.0,-19.31,-1554144.0,-9.91,155055.0,-3183195.0,1143856.0,8.81,4172000,32.14,1474000,10.59,2698000,20.78,23486887.0,9565703.0,68.71,28215744.0,14294560.0,102.68,3.61
13-02-2026,12982407,15680407,3490,13700884.0,-219997.0,-1.58,-3248444.0,-20.72,-1774444.0,-11.32,126848.0,-3375293.0,923556.0,7.11,4172000,32.14,1474000,10.76,2698000,20.78,23485700.0,9784816.0,71.42,28214557.0,14513673.0,105.93,2.77
16-02-2026,13300407,15998407,498246,14207954.0,12314.0,0.09,-3236130.0,-20.23,-1668130.0,-10.43,121741.0,-3357872.0,1029870.0,7.74,4266000,32.07,1568000,11.04,2698000,20.29,23980456.0,9772502.0,68.78,28709313.0,14501359.0,102.07,3.43
17-02-2026,13300407,15998407,498246,14314721.0,106767.0,0.75,-3129363.0,-19.56,-1561363.0,-9.76,130661.0,-3260022.0,1136637.0,8.55,4266000,32.07,1568000,10.95,2698000,20.29,23980455.0,9665734.0,67.52,28709313.0,14394592.0,100.56,3.82
18-02-2026,13300407,15998407,498246,14324248.0,11562.0,0.08,-3119836.0,-19.5,-1551836.0,-9.7,142608.0,-3262443.0,1146164.0,8.62,4266000,32.07,1568000,10.95,2698000,20.29,23978117.0,9653869.0,67.4,28706975.0,14382727.0,100.41,3.85
18-02-2026,13300407,15998407,243746,14325632.0,13261.0,0.09,-3118094.0,-19.49,-1550094.0,-9.69,142608.0,-3260703.0,1147906.0,8.63,4266000,32.07,1568000,10.95,2698000,20.29,24105214.0,9779582.0,68.27,28793858.0,14468226.0,101.0,3.86
19-02-2026,13300407,15998407,243746,14092487.0,-233145.0,-1.63,-3351239.0,-20.95,-1783239.0,-11.15,97901.0,-3449144.0,914761.0,6.88,4266000,32.07,1568000,11.13,2698000,20.29,24105213.0,10012726.0,71.05,28793857.0,14701370.0,104.32,2.99
20-02-2026,13300407,15998407,243746,14101735.0,10389.0,0.07,-3341991.0,-20.89,-1773991.0,-11.09,113345.0,-3455332.0,924009.0,6.95,4266000,32.07,1568000,11.12,2698000,20.29,24105213.0,10003478.0,70.94,28793857.0,14692122.0,104.19,3.02
23-02-2026,13300407,15998407,243746,14144731.0,42996.0,0.3,-3298995.0,-20.62,-1730995.0,-10.82,145196.0,-3444189.0,967005.0,7.27,4266000,32.07,1568000,11.09,2698000,20.29,24105213.0,9960482.0,70.42,28793857.0,14649126.0,103.57,3.17
24-02-2026,13300407,15998407,243746,14022570.0,-122161.0,-0.86,-3421156.0,-21.38,-1853156.0,-11.58,133536.0,-3554690.0,844844.0,6.35,4266000,32.07,1568000,11.18,2698000,20.29,24105212.0,10082642.0,71.9,28793856.0,14771286.0,105.34,2.71
25-02-2026,13300407,15998407,243746,14058855.0,35395.0,0.25,-3384871.0,-21.16,-1816871.0,-11.36,151285.0,-3536160.0,881129.0,6.62,4266000,32.07,1568000,11.15,2698000,20.29,24105214.0,10046359.0,71.46,28793858.0,14735003.0,104.81,2.84
25-02-2026,13300407,15998407,243746,14058855.0,35395.0,0.25,-3384871.0,-21.16,-1816871.0,-11.36,151285.0,-3536160.0,881129.0,6.62,4266000,32.07,1568000,11.15,2698000,20.29,24105214.0,10046359.0,71.46,28793858.0,14735003.0,104.81,2.84
26-02-2026,13300407,15998407,243746,13818412.0,39671.0,0.29,-3625314.0,-22.66,-2057314.0,-12.86,152929.0,-3778247.0,640686.0,4.82,4266000,32.07,1568000,11.35,2698000,20.29,24105212.0,10286800.0,74.44,28369773.0,14551361.0,105.3,1.95
27-02-2026,13300407,15998407,243746,13701530.0,-116882.0,-0.85,-3742196.0,-23.39,-2174196.0,-13.59,135450.0,-3877644.0,523804.0,3.94,4266000,32.07,1568000,11.44,2698000,20.29,24105213.0,10403683.0,75.93,28378588.0,14677058.0,107.12,1.51
02-03-2026,13300407,15998407,243746,13431036.0,-270494.0,-1.97,-4012690.0,-25.08,-2444690.0,-15.28,116383.0,-4129079.0,253310.0,1.9,4266000,32.07,1568000,11.67,2698000,20.29,24105213.0,10674177.0,79.47,28378588.0,14947552.0,111.29,0.49
03-03-2026,13300407,15998407,243746,13685646.0,-278234.0,-1.99,-3757830.0,-23.49,-2189830.0,-13.69,116383.0,-3874219.0,508170.0,3.82,4266000,32.07,1568000,11.46,2698000,20.29,24104838.0,10419192.0,76.13,28793860.0,15108214.0,110.39,1.45
04-03-2026,13300407,15998407,243746,13429261.0,-256385.0,-1.87,-4014215.0,-25.09,-2446215.0,-15.29,78536.0,-4092754.0,251785.0,1.89,4266000,32.07,1568000,11.68,2698000,20.29,24104837.0,10675576.0,79.49,28793858.0,15364597.0,114.41,0.49
05-03-2026,13300407,15998407,243746,13551532.0,122271.0,0.91,-3891944.0,-24.33,-2323944.0,-14.53,101409.0,-3993352.0,374056.0,2.81,4266000,32.07,1568000,11.57,2698000,20.29,24104838.0,10553306.0,77.88,28793859.0,15242327.0,112.48,0.94
06-03-2026,13550407,16248407,66246,13767952.0,-36656.0,-0.27,-3924548.0,-24.15,-2356548.0,-14.5,115589.0,-4040144.0,341452.0,2.52,4266000,31.48,1568000,11.39,2698000,19.91,24728331.0,10960379.0,79.61,29621540.0,15853588.0,115.15,0.81
09-03-2026,13550407,16248407,66246,13525265.0,-242687.0,-1.76,-4167235.0,-25.65,-2599235.0,-16.0,95538.0,-4262772.0,98765.0,0.73,4266000,31.48,1568000,11.59,2698000,19.91,24728330.0,11203065.0,82.83,29621540.0,16096275.0,119.01,-0.09
10-03-2026,13550407,16248407,66246,13738561.0,213296.0,1.58,-3953939.0,-24.33,-2385939.0,-14.68,110517.0,-4064457.0,312061.0,2.3,4266000,31.48,1568000,11.41,2698000,19.91,24728330.0,10989769.0,79.99,29621540.0,15882979.0,115.61,0.7
11-03-2026,13550407,16248407,66246,13663830.0,-74731.0,-0.54,-4028670.0,-24.79,-2460670.0,-15.14,105588.0,-4134259.0,237330.0,1.75,4266000,31.48,1568000,11.48,2698000,19.91,24728330.0,11064500.0,80.98,29621540.0,15957710.0,116.79,0.42
12-03-2026,13550407,16248407,66246,13577211.0,-86619.0,-0.63,-4115289.0,-25.33,-2547289.0,-15.68,116222.0,-4231510.0,150711.0,1.11,4266000,31.48,1568000,11.55,2698000,19.91,24728329.0,11151118.0,82.13,29621539.0,16044328.0,118.17,0.1
13-03-2026,13550407,16248407,66246,13309140.0,-268071.0,-1.97,-4383360.0,-26.98,-2815360.0,-17.33,100366.0,-4483724.0,-117360.0,-0.87,4266000,31.48,1568000,11.78,2698000,19.91,24728332.0,11419192.0,85.8,29621541.0,16312401.0,122.57,-0.9
16-03-2026,13550407,16248407,1613,13187281.0,-114013.0,-0.86,-4525010.0,-27.85,-2936010.0,-18.07,67758.0,-4592766.0,-238010.0,-1.76,4287000,31.64,1589000,12.05,2698000,19.91,24788162.0,11600881.0,87.97,29681371.0,16494090.0,125.08,-1.35
17-03-2026,13550407,16248407,1613,13191760.0,4479.0,0.03,-4520531.0,-27.82,-2931531.0,-18.04,77951.0,-4598484.0,-233531.0,-1.72,4287000,31.64,1589000,12.05,2698000,19.91,24788161.0,11596401.0,87.91,29681370.0,16489610.0,125.0,-1.33
18-03-2026,13550407,16248407,1613,13451503.0,259743.0,1.97,-4260788.0,-26.22,-2671788.0,-16.44,82587.0,-4343372.0,26212.0,0.19,4287000,31.64,1589000,11.81,2698000,19.91,24788162.0,11336659.0,84.28,29681372.0,16229869.0,120.65,-0.36
19-03-2026,13550407,16248407,1613,13093835.0,-357668.0,-2.66,-4618456.0,-28.42,-3029456.0,-18.64,58260.0,-4676711.0,-331456.0,-2.45,4287000,31.64,1589000,12.14,2698000,19.91,24788162.0,11694327.0,89.31,29681371.0,16587536.0,126.68,-1.7
20-03-2026,13550407,16248407,1613,13150672.0,58597.0,0.45,-4561619.0,-28.07,-2972619.0,-18.29,64140.0,-4625755.0,-274619.0,-2.03,4287000,31.64,1589000,12.08,2698000,19.91,24788160.0,11637488.0,88.49,29678207.0,16527535.0,125.68,-1.48
23-03-2026,13550407,16248407,1613,12671159.0,-479513.0,-3.65,-5041132.0,-31.03,-3452132.0,-21.25,31937.0,-5073067.0,-754132.0,-5.57,4287000,31.64,1589000,12.54,2698000,19.91,24788162.0,12117003.0,95.63,29678209.0,17007050.0,134.22,-3.28
24-03-2026,13550407,16248407,1613,12912690.0,241531.0,1.91,-4799601.0,-29.54,-3210601.0,-19.76,42538.0,-4842139.0,-512601.0,-3.78,4287000,31.64,1589000,12.31,2698000,19.91,24788162.0,11875472.0,91.97,29678209.0,16765519.0,129.84,-2.36
25-03-2026,13550407,16248407,1613,13142895.0,230205.0,1.78,-4569396.0,-28.12,-2980396.0,-18.34,58127.0,-4627523.0,-282396.0,-2.08,4287000,31.64,1589000,12.09,2698000,19.91,24788162.0,11645267.0,88.61,29678209.0,16535314.0,125.81,-1.5
27-03-2026,13550407,16248407,1613,12796117.0,-344591.0,-2.62,-4916174.0,-30.26,-3327174.0,-20.48,41269.0,-4957438.0,-629174.0,-4.64,4287000,31.64,1589000,12.42,2698000,19.91,24788162.0,11992045.0,93.72,29674871.0,16878754.0,131.91,-2.79
30-03-2026,13550407,16248407,1613,12438778.0,-357339.0,-2.79,-5273513.0,-32.46,-3684513.0,-22.68,23573.0,-5297086.0,-986513.0,-7.28,4287000,31.64,1589000,12.77,2698000,19.91,24788162.0,12349384.0,99.28,29674872.0,17236094.0,138.57,-4.14
01-04-2026,13550407,16248407,1613,12887190.0,448412.0,3.6,-4825101.0,-29.7,-3236101.0,-19.92,37793.0,-4862895.0,-538101.0,-3.97,4287000,31.64,1589000,12.33,2698000,19.91,24788162.0,11900972.0,92.35,29674871.0,16787681.0,130.27,-2.43
02-04-2026,13550407,16248407,1613,12942451.0,55261.0,0.43,-4769840.0,-29.36,-3180840.0,-19.58,46858.0,-4816699.0,-482840.0,-3.56,4287000,31.64,1589000,12.28,2698000,19.91,24788162.0,11845711.0,91.53,29674871.0,16732420.0,129.28,-2.22
06-04-2026,13550407,16248407,1613,13092092.0,149641.0,1.16,-4620199.0,-28.43,-3031199.0,-18.66,65385.0,-4685583.0,-333199.0,-2.46,4287000,31.64,1589000,12.14,2698000,19.91,24788161.0,11696069.0,89.34,29674870.0,16582778.0,126.66,-1.66
07-04-2026,13550407,16248407,1613,13162357.0,70265.0,0.54,-4549934.0,-28.0,-2960934.0,-18.22,64198.0,-4614129.0,-262934.0,-1.94,4287000,31.64,1589000,12.07,2698000,19.91,24788160.0,11625803.0,88.33,29674870.0,16512513.0,125.45,-1.4
08-04-2026,13550407,16248407,1613,13642513.0,480475.0,3.65,-4069778.0,-25.05,-2480778.0,-15.27,106505.0,-4176281.0,217222.0,1.6,4287000,31.64,1589000,11.65,2698000,19.91,24787625.0,11145112.0,81.69,29674334.0,16031821.0,117.51,0.33
09-04-2026,13550407,16248407,1613,13638392.0,-4121.0,-0.03,-4073899.0,-25.07,-2484899.0,-15.29,129363.0,-4203263.0,213101.0,1.57,4287000,31.64,1589000,11.65,2698000,19.91,24787625.0,11149233.0,81.75,29674334.0,16035942.0,117.58,0.31
10-04-2026,13550407,16248407,1613,13827586.0,189194.0,1.39,-3884705.0,-23.91,-2295705.0,-14.13,144794.0,-4029496.0,402295.0,2.97,4287000,31.64,1589000,11.49,2698000,19.91,24787626.0,10960040.0,79.26,29674336.0,15846750.0,114.6,0.98
13-04-2026,13550407,16248407,1613,13755150.0,-72436.0,-0.52,-3957141.0,-24.35,-2368141.0,-14.57,152200.0,-4109343.0,329859.0,2.43,4287000,31.64,1589000,11.55,2698000,19.91,24787627.0,11032477.0,80.21,29674336.0,15919186.0,115.73,0.72
15-04-2026,13550407,17837407,1613,14111226.0,356076.0,2.59,-3601065.0,-20.19,-3601065.0,-20.19,191799.0,-3792867.0,685935.0,5.06,4287000,31.64,0,0.0,4287000,31.64,24787627.0,10676401.0,75.66,29674336.0,15563110.0,110.29,1.96
16-04-2026,13550407,17837407,1613,14216172.0,104946.0,0.74,-3496119.0,-19.6,-3496119.0,-19.6,188907.0,-3685026.0,790881.0,5.84,4287000,31.64,0,0.0,4287000,31.64,24787625.0,10571453.0,74.36,29674334.0,15458162.0,108.74,2.32
17-04-2026,13550407,17837407,1613,14045835.0,195425.0,1.41,-3361456.0,-18.84,-3265456.0,-18.31,161730.0,-3523188.0,1021544.0,7.54,4383000,32.35,96000,0.68,4287000,31.64,24408876.0,10363041.0,73.78,29216260.0,15170425.0,108.01,1.73
20-04-2026,13550407,17837407,400657,14375606.0,-69273.0,-0.48,-3430729.0,-19.23,-3334729.0,-18.7,169767.0,-3600496.0,952271.0,7.03,4383000,32.35,96000,0.67,4287000,31.64,24807920.0,10432314.0,72.57,29615304.0,15239698.0,106.01,2.84
21-04-2026,13750407,18037407,1843,14691205.0,118759.0,0.81,-3315071.0,-18.38,-3219071.0,-17.85,179814.0,-3494884.0,1067929.0,7.77,4383000,31.88,96000,0.65,4287000,31.18,25220359.0,10529154.0,71.67,30027743.0,15336538.0,104.39,3.21
22-04-2026,13750407,18037407,375080,14768143.0,51941.0,0.35,-3349751.0,-18.57,-3141751.0,-17.42,115762.0,-3465512.0,1145249.0,8.33,4495000,32.69,208000,1.41,4287000,31.18,25212763.0,10444620.0,70.72,29972049.0,15203906.0,102.95,3.46
23-04-2026,13950407,18237407,1490,14876273.0,-96704.0,-0.65,-3441173.0,-18.87,-3233173.0,-17.73,109646.0,-3550819.0,1053827.0,7.55,4495000,32.22,208000,1.4,4287000,30.73,25556471.0,10680198.0,71.79,30315758.0,15439485.0,103.79,3.23
24-04-2026,13950407,18237407,1490,14670005.0,-202500.0,-1.36,-3647441.0,-20.0,-3439441.0,-18.86,98681.0,-3746121.0,847559.0,6.08,4495000,32.22,208000,1.42,4287000,30.73,25550845.0,10880840.0,74.17,30310131.0,15640126.0,106.61,2.52
27-04-2026,13950407,18237407,1490,14967493.0,297488.0,2.03,-3349953.0,-18.37,-3141953.0,-17.23,142428.0,-3492378.0,1145047.0,8.21,4495000,32.22,208000,1.39,4287000,30.73,25550845.0,10583352.0,70.71,30310132.0,15342639.0,102.51,3.52
28-04-2026,13950407,18237407,1490,14876155.0,-91338.0,-0.61,-3441291.0,-18.87,-3233291.0,-17.73,138619.0,-3579912.0,1053709.0,7.55,4495000,32.22,208000,1.4,4287000,30.73,25550845.0,10674690.0,71.76,30310132.0,15433977.0,103.75,3.21
29-04-2026,13950407,18237407,1490,14934917.0,58762.0,0.4,-3382529.0,-18.55,-3174529.0,-17.41,146980.0,-3529504.0,1112471.0,7.97,4495000,32.22,208000,1.39,4287000,30.73,25550845.0,10615928.0,71.08,30310131.0,15375214.0,102.95,3.4
30-04-2026,13950407,18237407,1490,14769538.0,-163224.0,-1.09,-3547908.0,-19.45,-3339908.0,-18.31,129391.0,-3677297.0,947092.0,6.79,4495000,32.22,208000,1.41,4287000,30.73,25543827.0,10774289.0,72.95,30303113.0,15533575.0,105.17,2.84
04-05-2026,13950407,18237407,1490,14895550.0,126012.0,0.85,-3421896.0,-18.76,-3213896.0,-17.62,130481.0,-3552382.0,1073104.0,7.69,4495000,32.22,208000,1.4,4287000,30.73,25543290.0,10647740.0,71.48,30302576.0,15407026.0,103.43,3.25
05-05-2026,13950407,18237407,1490,14941844.0,46294.0,0.31,-3375602.0,-18.51,-3167602.0,-17.37,140579.0,-3516178.0,1119398.0,8.02,4495000,32.22,208000,1.39,4287000,30.73,25543825.0,10601981.0,70.95,30303112.0,15361268.0,102.81,3.4
06-05-2026,13950407,18237407,1490,15118341.0,176497.0,1.18,-3199105.0,-17.54,-2991105.0,-16.4,174052.0,-3373155.0,1295895.0,9.29,4495000,32.22,208000,1.38,4287000,30.73,25543825.0,10425484.0,68.96,30303112.0,15184771.0,100.44,3.98
07-05-2026,13950407,18237407,1490,15216344.0,98003.0,0.65,-3101102.0,-17.0,-2893102.0,-15.86,213407.0,-3314511.0,1393898.0,9.99,4495000,32.22,208000,1.37,4287000,30.73,25543827.0,10327483.0,67.87,30303113.0,15086769.0,99.15,4.3
08-05-2026,13950407,18237407,1490,15266251.0,51221.0,0.34,-3051195.0,-16.73,-2843195.0,-15.59,231621.0,-3282818.0,1443805.0,10.35,4495000,32.22,208000,1.36,4287000,30.73,25543825.0,10277574.0,67.32,30296485.0,15030234.0,98.45,4.46
11-05-2026,13950407,18237407,1490,15073734.0,-192517.0,-1.26,-3243712.0,-17.79,-3035712.0,-16.65,207806.0,-3451518.0,1251288.0,8.97,4495000,32.22,208000,1.38,4287000,30.73,25543826.0,10470092.0,69.46,30296486.0,15222752.0,100.99,3.81
12-05-2026,13950407,18237407,1490,14680320.0,-392749.0,-2.61,-3637126.0,-19.94,-3429126.0,-18.8,161123.0,-3798249.0,857874.0,6.15,4495000,32.22,208000,1.42,4287000,30.73,25542857.0,10862537.0,73.99,30295516.0,15615196.0,106.37,2.5
13-05-2026,13950407,18237407,1490,14722311.0,41991.0,0.29,-3595135.0,-19.71,-3387135.0,-18.57,164341.0,-3759475.0,899865.0,6.45,4495000,32.22,208000,1.41,4287000,30.73,25542855.0,10820544.0,73.5,30295515.0,15573204.0,105.78,2.63
14-05-2026,13950407,18237407,1490,14819035.0,96724.0,0.66,-3498411.0,-19.18,-3290411.0,-18.04,205944.0,-3704357.0,996589.0,7.14,4495000,32.22,208000,1.4,4287000,30.73,25542854.0,10723819.0,72.37,30295514.0,15476479.0,104.44,2.95
15-05-2026,13950407,18237407,1490,14823665.0,7344.0,0.05,-3493781.0,-19.16,-3285781.0,-18.02,200753.0,-3694536.0,1001219.0,7.18,4495000,32.22,208000,1.4,4287000,30.73,25542857.0,10719192.0,72.31,30289668.0,15466003.0,104.33,2.96
18-05-2026,13950407,18237407,1490,14697301.0,-126364.0,-0.85,-3620145.0,-19.85,-3412145.0,-18.71,179784.0,-3799929.0,874855.0,6.27,4495000,32.22,208000,1.42,4287000,30.73,25542856.0,10845555.0,73.79,30289667.0,15592366.0,106.09,2.53
19-05-2026,13950407,18237407,1490,14814692.0,117391.0,0.8,-3502754.0,-19.21,-3294754.0,-18.07,198915.0,-3701669.0,992246.0,7.11,4495000,32.22,208000,1.4,4287000,30.73,25542856.0,10728164.0,72.42,30289667.0,15474975.0,104.46,2.92
20-05-2026,13950407,18237407,1490,14780984.0,-33708.0,-0.23,-3536462.0,-19.39,-3328462.0,-18.25,196225.0,-3732687.0,958538.0,6.87,4495000,32.22,208000,1.41,4287000,30.73,25542857.0,10761873.0,72.81,30289668.0,15508684.0,104.92,2.8
21-05-2026,13950407,18237407,1490,14825198.0,44214.0,0.3,-3492248.0,-19.15,-3284248.0,-18.01,189835.0,-3682088.0,1002752.0,7.19,4495000,32.22,208000,1.4,4287000,30.73,25542857.0,10717659.0,72.29,30289668.0,15464470.0,104.31,2.95
22-05-2026,13950407,18237407,1490,14879782.0,57079.0,0.39,-3437664.0,-18.85,-3229664.0,-17.71,199684.0,-3637350.0,1057336.0,7.58,4495000,32.22,208000,1.4,4287000,30.73,25540706.0,10660924.0,71.65,30284257.0,15404475.0,103.53,3.12
25-05-2026,13950407,18237407,1490,14991954.0,116388.0,0.78,-3325492.0,-18.23,-3117492.0,-17.09,221940.0,-3547423.0,1169508.0,8.38,4495000,32.22,208000,1.39,4287000,30.73,25532864.0,10540910.0,70.31,30276414.0,15284460.0,101.95,3.47
26-05-2026,13950407,18237407,1490,15030410.0,38456.0,0.26,-3287036.0,-18.02,-3079036.0,-16.88,231884.0,-3518925.0,1207964.0,8.66,4495000,32.22,208000,1.38,4287000,30.73,25532863.0,10502453.0,69.87,30276413.0,15246003.0,101.43,3.59
27-05-2026,13950407,18237407,1490,15126173.0,103981.0,0.69,-3191273.0,-17.5,-2983273.0,-16.36,263835.0,-3455106.0,1303727.0,9.35,4495000,32.22,208000,1.38,4287000,30.73,25531455.0,10405282.0,68.79,30263680.0,15137507.0,100.07,3.9
29-05-2026,13950407,18237407,1490,14926249.0,-199924.0,-1.32,-3391197.0,-18.59,-3183197.0,-17.45,236858.0,-3628054.0,1103803.0,7.91,4495000,32.22,208000,1.39,4287000,30.73,25531453.0,10605204.0,71.05,30858989.0,15932740.0,106.74,3.24
01-06-2026,13950407,18237407,1490,14758700.0,-165149.0,-1.11,-3558746.0,-19.51,-3350746.0,-18.37,191170.0,-3749915.0,936254.0,6.71,4495000,32.22,208000,1.41,4287000,30.73,25527110.0,10768410.0,72.96,30854645.0,16095945.0,109.06,2.69
02-06-2026,13950407,18237407,1490,14905552.0,146852.0,1.0,-3411894.0,-18.71,-3203894.0,-17.57,219848.0,-3631744.0,1083106.0,7.76,4495000,32.22,208000,1.4,4287000,30.73,25519324.0,10613772.0,71.21,30846859.0,15941307.0,106.95,3.16
03-06-2026,13950407,18237407,1490,14800045.0,-105507.0,-0.71,-3517401.0,-19.29,-3309401.0,-18.15,218149.0,-3735546.0,977599.0,7.01,4495000,32.22,208000,1.41,4287000,30.73,25519325.0,10719280.0,72.43,30846860.0,16046815.0,108.42,2.81
04-06-2026,13950407,18237407,1490,14842863.0,42818.0,0.29,-3474583.0,-19.05,-3266583.0,-17.91,244811.0,-3719390.0,1020417.0,7.31,4495000,32.22,208000,1.4,4287000,30.73,25518786.0,10675923.0,71.93,30846321.0,16003458.0,107.82,2.95
05-06-2026,13950407,18237407,1490,14834802.0,-5137.0,-0.03,-3482644.0,-19.1,-3274644.0,-17.96,246543.0,-3729189.0,1012356.0,7.26,4495000,32.22,208000,1.4,4287000,30.73,25516517.0,10681715.0,72.0,30844052.0,16009250.0,107.92,2.92
08-06-2026,13950407,18237407,1490,14616842.0,-217960.0,-1.47,-3700604.0,-20.29,-3492604.0,-19.15,214677.0,-3915280.0,794396.0,5.69,4495000,32.22,208000,1.42,4287000,30.73,25516518.0,10899676.0,74.57,30844053.0,16227211.0,111.02,2.2
09-06-2026,13950407,18237407,1490,14815290.0,198448.0,1.36,-3502156.0,-19.2,-3294156.0,-18.06,251025.0,-3753181.0,992844.0,7.12,4495000,32.22,208000,1.4,4287000,30.73,25516517.0,10701227.0,72.23,30844052.0,16028762.0,108.19,2.84
10-06-2026,13950407,18237407,1490,14712547.0,-95993.0,-0.65,-3604899.0,-19.77,-3396899.0,-18.63,222568.0,-3827464.0,890101.0,6.38,4495000,32.22,208000,1.41,4287000,30.73,25516518.0,10803971.0,73.43,30831815.0,16119268.0,109.56,2.51
13-06-2026,13950407,18237407,1490,14834067.0,286084.0,1.97,-3483379.0,-19.1,-3275379.0,-17.96,236708.0,-3720090.0,1011621.0,7.25,4495000,32.22,208000,1.4,4287000,30.73,25516518.0,10682451.0,72.01,30830913.0,15996846.0,107.84,2.89
15-06-2026,13950407,18237407,1490,15023206.0,189139.0,1.28,-3294240.0,-18.06,-3086240.0,-16.92,291825.0,-3586065.0,1200760.0,8.61,4495000,32.22,208000,1.38,4287000,30.73,25516517.0,10493311.0,69.85,30830913.0,15807707.0,105.22,3.48
17-06-2026,13950407,18237407,1490,15173946.0,51074.0,0.34,-3143500.0,-17.24,-2935500.0,-16.1,337868.0,-3481368.0,1351500.0,9.69,4495000,32.22,208000,1.37,4287000,30.73,25516517.0,10342571.0,68.16,30830912.0,15656966.0,103.18,3.94
18-06-2026,13950407,18237407,1490,15273870.0,100603.0,0.66,-3043576.0,-16.69,-2835576.0,-15.55,376088.0,-3419662.0,1451424.0,10.4,4495000,32.22,208000,1.36,4287000,30.73,25516517.0,10242647.0,67.06,30830104.0,15556234.0,101.85,4.25
20-06-2026,13950407,18237407,1490,15220319.0,-42546.0,-0.28,-3097127.0,-16.98,-2889127.0,-15.84,374992.0,-3472118.0,1397873.0,10.02,4495000,32.22,208000,1.37,4287000,30.73,25508653.0,10288334.0,67.6,30809200.0,15588881.0,102.42,4.07
22-06-2026,13950407,18237407,1490,15280753.0,60434.0,0.4,-3036693.0,-16.65,-2828693.0,-15.51,385077.0,-3421770.0,1458307.0,10.45,4495000,32.22,208000,1.36,4287000,30.73,25508653.0,10227900.0,66.93,30809199.0,15528446.0,101.62,4.25
25-06-2026,13950407,18237407,1490,15165427.0,-26922.0,-0.18,-3152019.0,-17.28,-2944019.0,-16.14,394410.0,-3546421.0,1342981.0,9.63,4495000,32.22,208000,1.37,4287000,30.73,25504112.0,10338685.0,68.17,30798323.0,15632896.0,103.08,3.88
30-06-2026,13950407,18237407,1490,15098870.0,25785.0,0.17,-3218576.0,-17.65,-3010576.0,-16.51,430104.0,-3648684.0,1276424.0,9.15,4495000,32.22,208000,1.38,4287000,30.73,25501097.0,10402227.0,68.89,30790808.0,15691938.0,103.93,3.64
02-07-2026,13950407,18237407,245633,15325661.0,133334.0,0.88,-3014155.0,-16.53,-2782155.0,-15.26,464357.0,-3478508.0,1504845.0,10.79,4519000,32.39,232000,1.51,4287000,30.73,25485226.0,10159565.0,66.29,30765809.0,15440148.0,100.75,4.33
2026-07-11,13950407,18237407,245633,15267246.0,134483.0,0.89,-3072570.0,-16.85,-2840570.0,-15.58,412831.0,-3485400.0,1446430.0,10.37,4519000,32.39,232000,1.52,4287000,30.73,25482166.0,10214920.0,66.91,30755403.0,15488157.0,101.45,4.11
2026-07-13,13950407,18237407,245633,15351903.0,84657.0,0.55,-2987913.0,-16.38,-2755913.0,-15.11,448842.0,-3436758.0,1531087.0,10.98,4519000,32.39,232000,1.51,4287000,30.73,25482166.0,10130263.0,65.99,30755403.0,15403500.0,100.34,4.35
2026-07-15,13950407,18237407,245633,15269847.0,63887.0,0.42,-3069969.0,-16.83,-2837969.0,-15.56,435396.0,-3505363.0,1449031.0,10.39,4519000,32.39,232000,1.52,4287000,30.73,25479011.0,10209164.0,66.86,30752248.0,15482401.0,101.39,4.1
2026-07-17,13950407,18237407,245633,15247961.0,-17446.0,-0.11,-3091855.0,-16.95,-2859855.0,-15.68,410782.0,-3502635.0,1427145.0,10.23,4519000,32.39,232000,1.52,4287000,30.73,25472661.0,10224700.0,67.06,30741743.0,15493782.0,101.61,4.02
2026-07-26,13950407,18237407,245633,15112494.0,45299.0,0.3,-3227322.0,-17.7,-2995322.0,-16.42,435164.0,-3662486.0,1291678.0,9.26,4519000,32.39,232000,1.54,4287000,30.73,25466382.0,10353888.0,68.51,30735464.0,15622970.0,103.38,3.57
2026-07-29,13950407,18237407,652633,15394154.0,201864.0,1.33,-3076377.0,-16.87,-2712377.0,-14.87,375498.0,-3451873.0,1574623.0,11.29,4651000,33.34,364000,2.36,4287000,30.73,25451122.0,10056968.0,65.33,30145724.0,14751570.0,95.83,4.39
2026-07-31,14605407,18892407,87426,16085005.0,43476.0,0.27,-3090259.0,-16.36,-2704259.0,-14.31,412510.0,-3502767.0,1582741.0,10.84,4673000,32.0,386000,2.4,4287000,29.35,26680525.0,10595520.0,65.87,31461638.0,15376633.0,95.6,4.49
2026-08-05,14605407,18892407,224000,16245479.0,13968.0,0.09,-2965200.0,-15.7,-2543200.0,-13.46,392167.0,-3357370.0,1743800.0,11.94,4709000,32.24,422000,2.6,4287000,29.35,26673350.0,10427871.0,64.19,31451959.0,15206480.0,93.6,4.92
2026-08-07,14605407,18892407,443476,16160103.0,-44308.0,-0.27,-3093534.0,-16.37,-2628792.0,-13.91,316782.0,-3410316.0,1658208.0,11.35,4751742,32.53,464742,2.88,4287000,29.35,26665345.0,10505242.0,65.01,31439167.0,15279064.0,94.55,4.66
